source,source_branch,experiment_family,experiment_stage,scenario,task_count,stop_condition,comparison_group,rank_within_group,method,variant,semantics,run_count,valid_run_count,on_time_count_mean,on_time_count_min,on_time_count_max,on_time_rate_mean,on_time_rate_min,on_time_rate_max,distance_km_mean,distance_km_min,distance_km_max,runtime_seconds_mean,budget_seconds
history,codex/uav-alns-dispatch,uav_benchmark,constructive_n200,fleet_n200,200,constructive-only,constructive_n200 | n=200 | constructive-only,1,Regret-2,Regret-2,no-relay,1,1,92.0,92,92,0.46,0.46,0.46,775.7731679286865,775.7731679286865,775.7731679286865,,
history,codex/uav-alns-dispatch,uav_benchmark,constructive_n200,fleet_n200,200,constructive-only,constructive_n200 | n=200 | constructive-only,2,Greedy-full-position,Greedy-full-position,no-relay,1,1,89.0,89,89,0.445,0.445,0.445,852.0538225283191,852.0538225283191,852.0538225283191,,
history,codex/uav-alns-dispatch,uav_benchmark,constructive_n200,fleet_n200,200,constructive-only,constructive_n200 | n=200 | constructive-only,3,Nearest-adjacent,Nearest-adjacent,no-relay,1,1,71.0,71,71,0.355,0.355,0.355,943.493381404375,943.493381404375,943.493381404375,,
history,codex/uav-alns-dispatch,uav_benchmark,constructive_n200,fleet_n200,200,constructive-only,constructive_n200 | n=200 | constructive-only,4,EDD-adjacent,EDD-adjacent,no-relay,1,1,36.0,36,36,0.18,0.18,0.18,1293.9876678843061,1293.9876678843061,1293.9876678843061,,
history,feature/adaptive-deadline-rejection-pool,adaptive_smoke_wall,development_smoke_10s,equal_wall_clock_10s,200,wall-clock 10 s,development_smoke_10s | n=200 | wall-clock 10 s,1,A2 + rejection_pool,experiment2,no-relay,1,1,98.0,98,98,0.49,0.49,0.49,753.6969663566831,753.6969663566831,753.6969663566831,,10.0
history,feature/adaptive-deadline-rejection-pool,adaptive_smoke_wall,development_smoke_10s,equal_wall_clock_10s,200,wall-clock 10 s,development_smoke_10s | n=200 | wall-clock 10 s,2,A2 + late_risk_destroy + rejection_pool + soft_deadline,experiment4,no-relay,1,1,98.0,98,98,0.49,0.49,0.49,779.569131093854,779.569131093854,779.569131093854,,10.0
history,feature/adaptive-deadline-rejection-pool,adaptive_smoke_wall,development_smoke_10s,equal_wall_clock_10s,200,wall-clock 10 s,development_smoke_10s | n=200 | wall-clock 10 s,3,A2 + late_risk_destroy,experiment1,no-relay,1,1,96.0,96,96,0.48,0.48,0.48,760.73599397894,760.73599397894,760.73599397894,,10.0
history,feature/adaptive-deadline-rejection-pool,adaptive_smoke_wall,development_smoke_10s,equal_wall_clock_10s,200,wall-clock 10 s,development_smoke_10s | n=200 | wall-clock 10 s,4,A2,baseline,no-relay,1,1,96.0,96,96,0.48,0.48,0.48,781.9247490451677,781.9247490451677,781.9247490451677,,10.0
history,feature/adaptive-deadline-rejection-pool,adaptive_smoke_wall,development_smoke_10s,equal_wall_clock_10s,200,wall-clock 10 s,development_smoke_10s | n=200 | wall-clock 10 s,5,A2 + soft_deadline,experiment3,no-relay,1,1,95.0,95,95,0.475,0.475,0.475,776.4092800544868,776.4092800544868,776.4092800544868,,10.0
history,feature/adaptive-deadline-rejection-pool,adaptive_smoke_iterations,development_smoke_5_iterations,equal_iterations,200,fixed 5 iterations,development_smoke_5_iterations | n=200 | fixed 5 iterations,1,A2 + late_risk_destroy + rejection_pool + soft_deadline,experiment4,no-relay,1,1,96.0,96,96,0.48,0.48,0.48,766.8504020191708,766.8504020191708,766.8504020191708,,
history,feature/adaptive-deadline-rejection-pool,adaptive_smoke_iterations,development_smoke_5_iterations,equal_iterations,200,fixed 5 iterations,development_smoke_5_iterations | n=200 | fixed 5 iterations,2,A2 + rejection_pool,experiment2,no-relay,1,1,96.0,96,96,0.48,0.48,0.48,794.1423383460543,794.1423383460543,794.1423383460543,,
history,feature/adaptive-deadline-rejection-pool,adaptive_smoke_iterations,development_smoke_5_iterations,equal_iterations,200,fixed 5 iterations,development_smoke_5_iterations | n=200 | fixed 5 iterations,3,A2,baseline,no-relay,1,1,95.0,95,95,0.475,0.475,0.475,765.3857544430806,765.3857544430806,765.3857544430806,,
history,feature/adaptive-deadline-rejection-pool,adaptive_smoke_iterations,development_smoke_5_iterations,equal_iterations,200,fixed 5 iterations,development_smoke_5_iterations | n=200 | fixed 5 iterations,4,A2 + late_risk_destroy,experiment1,no-relay,1,1,95.0,95,95,0.475,0.475,0.475,765.3857544430806,765.3857544430806,765.3857544430806,,
history,feature/adaptive-deadline-rejection-pool,adaptive_smoke_iterations,development_smoke_5_iterations,equal_iterations,200,fixed 5 iterations,development_smoke_5_iterations | n=200 | fixed 5 iterations,5,A2 + soft_deadline,experiment3,no-relay,1,1,95.0,95,95,0.475,0.475,0.475,776.4092800544868,776.4092800544868,776.4092800544868,,
history,codex/uav-alns-dispatch,uav_benchmark,fixed_iterations_400,fleet_n200,200,fixed 400 iterations,fixed_iterations_400 | n=200 | fixed 400 iterations,1,C2-Lex-HALNS,C2-Lex-HALNS,no-relay,5,5,119.4,116,124,0.597,0.58,0.62,714.3381049920283,694.6948209650858,736.7997681994767,,
history,codex/uav-alns-dispatch,uav_benchmark,fixed_iterations_400,fleet_n200,200,fixed 400 iterations,fixed_iterations_400 | n=200 | fixed 400 iterations,2,C2-Lex-ALNS,C2-Lex-ALNS,no-relay,5,5,116.6,111,120,0.583,0.555,0.6,716.3366686726459,687.6287265578436,768.9286361309403,,
history,codex/alns-core-comparison,core_comparison,fixed_iterations_400,equal_iterations_400,200,fixed 400 iterations,fixed_iterations_400 | n=200 | fixed 400 iterations,3,C2-Lex-ALNS-Core,C2-Lex-ALNS-Core,no-relay,5,5,116.6,111,120,0.583,0.555,0.6,716.3366686726459,687.6287265578436,768.9286361309403,,
history,feature/adaptive-deadline-rejection-pool,adaptive_comparison,formal_240s,equal_wall_clock_240s,200,wall-clock 240 s,formal_240s | n=200 | wall-clock 240 s,1,A2 + late_risk_destroy,experiment1,no-relay,3,3,131.33333333333334,130,134,0.6566666666666667,0.65,0.67,645.8538657513064,642.621062098395,650.1774709144454,,240.0
history,feature/capacity-aware-halns,capacity_comparison,formal_240s,equal_wall_clock_240s,200,wall-clock 240 s,formal_240s | n=200 | wall-clock 240 s,2,Current best A2 configuration,a2,no-relay,3,3,130.66666666666666,129,132,0.6533333333333333,0.645,0.66,640.148746110347,629.8120997108717,650.2510444477645,,240.0
history,feature/adaptive-deadline-rejection-pool,adaptive_comparison,formal_240s,equal_wall_clock_240s,200,wall-clock 240 s,formal_240s | n=200 | wall-clock 240 s,3,A2,baseline,no-relay,3,3,130.33333333333334,130,131,0.6516666666666667,0.65,0.655,645.7470335779643,633.5901042671111,652.0382595087592,,240.0
history,codex/stronger-uav-neighborhoods,neighborhood_ablation,formal_240s,equal_wall_clock_240s,200,wall-clock 240 s,formal_240s | n=200 | wall-clock 240 s,4,A2 +risk,A2,no-relay,3,3,130.0,129,131,0.65,0.645,0.655,643.9484561941587,634.746382593901,650.2510444477645,,240.0
history,codex/stronger-uav-neighborhoods,neighborhood_ablation,formal_240s,equal_wall_clock_240s,200,wall-clock 240 s,formal_240s | n=200 | wall-clock 240 s,5,A1 +assignment,A1,no-relay,3,3,130.0,128,131,0.65,0.64,0.655,649.2405444299544,641.2088156491837,663.4220349932358,,240.0
history,codex/alns-core-comparison,core_comparison,formal_240s,equal_wall_clock_240s,200,wall-clock 240 s,formal_240s | n=200 | wall-clock 240 s,6,C2-Lex-ALNS-Core,C2-Lex-ALNS-Core,no-relay,3,3,129.66666666666666,128,133,0.6483333333333333,0.64,0.665,646.5605199919357,631.4169426773058,654.5681480713895,,240.0
history,codex/stronger-uav-neighborhoods,neighborhood_ablation,formal_240s,equal_wall_clock_240s,200,wall-clock 240 s,formal_240s | n=200 | wall-clock 240 s,7,A0 baseline_core,A0,no-relay,3,3,129.66666666666666,128,133,0.6483333333333333,0.64,0.665,647.6103867277619,631.0182722496367,657.2447398622596,,240.0
history,codex/alns-core-comparison,core_comparison,formal_240s,equal_wall_clock_240s,200,wall-clock 240 s,formal_240s | n=200 | wall-clock 240 s,8,C2-Lex-HALNS,C2-Lex-HALNS,no-relay,3,3,129.33333333333334,127,131,0.6466666666666666,0.635,0.655,663.4448145539944,656.3098199079888,667.1195407552736,,240.0
history,feature/capacity-aware-halns,capacity_comparison,formal_240s,equal_wall_clock_240s,200,wall-clock 240 s,formal_240s | n=200 | wall-clock 240 s,9,Capacity-aware HALNS,capacity_halns,no-relay,3,3,129.0,128,131,0.645,0.64,0.655,646.8737026348713,639.9101453037558,660.4849808485103,,240.0
history,codex/stronger-uav-neighborhoods,neighborhood_ablation,formal_240s,equal_wall_clock_240s,200,wall-clock 240 s,formal_240s | n=200 | wall-clock 240 s,10,A5 +ejection,A5,no-relay,3,3,129.0,128,130,0.645,0.64,0.65,666.2903926652635,648.6276957220533,684.1768119120322,,240.0
history,codex/stronger-uav-neighborhoods,neighborhood_ablation,formal_240s,equal_wall_clock_240s,200,wall-clock 240 s,formal_240s | n=200 | wall-clock 240 s,11,A3 +VND,A3,no-relay,3,3,128.33333333333334,127,129,0.6416666666666667,0.635,0.645,648.0157858500802,630.9034388976368,656.964601654656,,240.0
history,codex/stronger-uav-neighborhoods,neighborhood_ablation,formal_240s,equal_wall_clock_240s,200,wall-clock 240 s,formal_240s | n=200 | wall-clock 240 s,12,A4 +cluster,A4,no-relay,3,3,126.0,124,129,0.63,0.62,0.645,649.8796628273203,644.0857518340965,653.3141707461824,,240.0
history,feature/adaptive-deadline-rejection-pool,adaptive_comparison,formal_240s,equal_wall_clock_240s,200,wall-clock 240 s,formal_240s | n=200 | wall-clock 240 s,13,A2 + rejection_pool,experiment2,no-relay,3,3,126.0,125,127,0.63,0.625,0.635,669.1562906664104,663.6542197164863,679.2458214380507,,240.0
history,feature/adaptive-deadline-rejection-pool,adaptive_comparison,formal_240s,equal_wall_clock_240s,200,wall-clock 240 s,formal_240s | n=200 | wall-clock 240 s,14,A2 + soft_deadline,experiment3,no-relay,3,3,125.66666666666667,125,126,0.6283333333333333,0.625,0.63,653.6812962794075,648.9837188234713,657.844966919913,,240.0
history,codex/stronger-uav-neighborhoods,neighborhood_ablation,formal_240s,equal_wall_clock_240s,200,wall-clock 240 s,formal_240s | n=200 | wall-clock 240 s,15,A6 +route_pool,A6,no-relay,3,3,125.0,125,125,0.625,0.625,0.625,683.6476091381861,671.1983026049104,691.1922803741863,,240.0
history,feature/adaptive-deadline-rejection-pool,adaptive_comparison,formal_240s,equal_wall_clock_240s,200,wall-clock 240 s,formal_240s | n=200 | wall-clock 240 s,16,A2 + late_risk_destroy + rejection_pool + soft_deadline,experiment4,no-relay,3,3,123.66666666666667,123,125,0.6183333333333333,0.615,0.625,679.2019549826982,666.9661871762019,689.406484861429,,240.0
history,codex/uav-alns-dispatch,uav_on_time_treatment,new_formal_240s,equal_wall_clock_240s,200,wall-clock 240 s,new_formal_240s | n=200 | wall-clock 240 s,1,C2-Lex-HALNS [halns_control],halns_control,no-relay,3,3,128.66666666666666,125,131,0.6433333333333334,0.625,0.655,657.1273008197154,654.1176355802041,662.2196127257963,,240.0
history,feature/capacity-aware-halns,capacity_on_time_treatment,new_formal_240s,equal_wall_clock_240s,200,wall-clock 240 s,new_formal_240s | n=200 | wall-clock 240 s,2,Capacity-aware HALNS punctuality-first sacrifice treatment,capacity_halns_punctuality,no-relay,3,3,128.33333333333334,125,131,0.6416666666666667,0.625,0.655,670.553163221219,659.0597280018568,678.9328715476602,,240.0
history,codex/alns-core-comparison,core_on_time_treatment,new_formal_240s,equal_wall_clock_240s,200,wall-clock 240 s,new_formal_240s | n=200 | wall-clock 240 s,3,C2-Lex-ALNS-Core [core_treatment],core_treatment,no-relay,3,3,128.0,126,131,0.64,0.63,0.655,656.1499325522755,645.0859229285097,674.8010875315333,,240.0
history,codex/uav-alns-dispatch,uav_on_time_treatment,new_formal_240s,equal_wall_clock_240s,200,wall-clock 240 s,new_formal_240s | n=200 | wall-clock 240 s,4,C2-Lex-HALNS [halns_treatment],halns_treatment,no-relay,3,3,128.0,125,131,0.64,0.625,0.655,665.6658876475559,656.5882326993509,671.4467756240534,,240.0
history,feature/adaptive-deadline-rejection-pool,adaptive_on_time_treatment,new_formal_240s,equal_wall_clock_240s,200,wall-clock 240 s,new_formal_240s | n=200 | wall-clock 240 s,5,A2 + late_risk_destroy + deferred sacrifice pool,experiment5,no-relay,3,3,127.0,126,128,0.635,0.63,0.64,667.0079527559011,657.3771747944661,674.0613664614013,,240.0
history,codex/stronger-uav-neighborhoods,stronger_on_time_treatment,new_formal_240s,equal_wall_clock_240s,200,wall-clock 240 s,new_formal_240s | n=200 | wall-clock 240 s,6,A7 +risk +on-time-distance +deferred,A7,no-relay,3,3,125.33333333333333,123,127,0.6266666666666666,0.615,0.635,649.1001705495042,634.991110350223,662.8018843501337,,240.0
history,codex/uav-alns-dispatch,uav_benchmark,over_budget_extended,fleet_n200,200,extended run (>240 s; non-formal),over_budget_extended | n=200 | extended run (>240 s; non-formal),1,C2-Lex-HALNS-extended,C2-Lex-HALNS-extended,no-relay,1,1,133.0,133,133,0.665,0.665,0.665,641.6359474952523,641.6359474952523,641.6359474952523,,
relay,current relay branch,relay_handoff,relay_formal_240s,equal_wall_clock_240s,200,wall-clock 240 s,relay_formal_240s | n=200 | wall-clock 240 s,1,baseline,baseline,primary-owner,3,3,130.33333333333334,129.0,132.0,0.6516666666666667,0.645,0.66,650.5829587778522,639.4409005910293,658.1579765110746,238.0020113606588,240.0
relay,current relay branch,relay_handoff,relay_formal_240s,equal_wall_clock_240s,200,wall-clock 240 s,relay_formal_240s | n=200 | wall-clock 240 s,2,static-1hub,static-1hub,primary-owner,3,3,129.0,127.0,132.0,0.645,0.635,0.66,641.2475093182962,630.4658879424076,652.4289468299937,238.0071964446494,240.0
relay,current relay branch,relay_handoff,relay_formal_240s,equal_wall_clock_240s,200,wall-clock 240 s,relay_formal_240s | n=200 | wall-clock 240 s,3,static-multihub,static-multihub,primary-owner,3,3,128.66666666666666,127.0,132.0,0.6433333333333334,0.635,0.66,639.7331888514262,630.3690010638458,647.20639318002,238.0506964860057,240.0
history,codex/uav-alns-dispatch,uav_benchmark,single_drone_n25,single_n25,25,method-specific single-drone run,single_drone_n25 | n=25 | method-specific single-drone run,1,C2-Lex-ALNS,C2-Lex-ALNS,no-relay,5,5,11.2,11,12,0.44800000000000006,0.44,0.48,100.10628176331903,97.49124550599691,103.9875461469365,,
history,codex/uav-alns-dispatch,uav_benchmark,single_drone_n25,single_n25,25,method-specific single-drone run,single_drone_n25 | n=25 | method-specific single-drone run,2,C2-Lex-HALNS,C2-Lex-HALNS,no-relay,5,5,11.2,11,12,0.44800000000000006,0.44,0.48,100.10628176331903,97.49124550599691,103.9875461469365,,
history,codex/uav-alns-dispatch,uav_benchmark,single_drone_n25,single_n25,25,method-specific single-drone run,single_drone_n25 | n=25 | method-specific single-drone run,3,Greedy-full-position,Greedy-full-position,no-relay,1,1,10.0,10,10,0.4,0.4,0.4,117.66601284564837,117.66601284564837,117.66601284564837,,
history,codex/uav-alns-dispatch,uav_benchmark,single_drone_n25,single_n25,25,method-specific single-drone run,single_drone_n25 | n=25 | method-specific single-drone run,4,Nearest-adjacent,Nearest-adjacent,no-relay,1,1,8.0,8,8,0.32,0.32,0.32,152.76277387220406,152.76277387220406,152.76277387220406,,
history,codex/uav-alns-dispatch,uav_benchmark,single_drone_n25,single_n25,25,method-specific single-drone run,single_drone_n25 | n=25 | method-specific single-drone run,5,Regret-2,Regret-2,no-relay,1,1,7.0,7,7,0.28,0.28,0.28,126.28216472302651,126.28216472302651,126.28216472302651,,
history,codex/uav-alns-dispatch,uav_benchmark,single_drone_n25,single_n25,25,method-specific single-drone run,single_drone_n25 | n=25 | method-specific single-drone run,6,EDD-adjacent,EDD-adjacent,no-relay,1,1,4.0,4,4,0.16,0.16,0.16,197.3274308131022,197.3274308131022,197.3274308131022,,
history,codex/uav-alns-dispatch,uav_benchmark,small_exact,exact_n5,5,method-specific exact control,small_exact | n=5 | method-specific exact control,1,C2-Lex-HALNS,C2-Lex-HALNS,no-relay,1,1,5.0,5,5,1.0,1.0,1.0,28.9529061994293,28.9529061994293,28.9529061994293,,
history,codex/uav-alns-dispatch,uav_benchmark,small_exact,exact_n5,5,method-specific exact control,small_exact | n=5 | method-specific exact control,2,Pareto-DP,Pareto-DP,no-relay,1,1,5.0,5,5,1.0,1.0,1.0,28.9529061994293,28.9529061994293,28.9529061994293,,
history,codex/uav-alns-dispatch,uav_benchmark,small_exact,exact_n5,5,method-specific exact control,small_exact | n=5 | method-specific exact control,3,Regret-2,Regret-2,no-relay,1,1,4.0,4,4,0.8,0.8,0.8,33.27483885187293,33.27483885187293,33.27483885187293,,
history,codex/uav-alns-dispatch,uav_benchmark,small_exact,exact_n8,8,method-specific exact control,small_exact | n=8 | method-specific exact control,1,C2-Lex-HALNS,C2-Lex-HALNS,no-relay,1,1,7.0,7,7,0.875,0.875,0.875,46.40393117721494,46.40393117721494,46.40393117721494,,
history,codex/uav-alns-dispatch,uav_benchmark,small_exact,exact_n8,8,method-specific exact control,small_exact | n=8 | method-specific exact control,2,Pareto-DP,Pareto-DP,no-relay,1,1,7.0,7,7,0.875,0.875,0.875,46.40393117721494,46.40393117721494,46.40393117721494,,
history,codex/uav-alns-dispatch,uav_benchmark,small_exact,exact_n8,8,method-specific exact control,small_exact | n=8 | method-specific exact control,3,Regret-2,Regret-2,no-relay,1,1,5.0,5,5,0.625,0.625,0.625,59.903063953196025,59.903063953196025,59.903063953196025,,
history,codex/uav-alns-dispatch,uav_benchmark,small_exact,exact_n10,10,method-specific exact control,small_exact | n=10 | method-specific exact control,1,C2-Lex-HALNS,C2-Lex-HALNS,no-relay,1,1,8.0,8,8,0.8,0.8,0.8,54.645870364663075,54.645870364663075,54.645870364663075,,
history,codex/uav-alns-dispatch,uav_benchmark,small_exact,exact_n10,10,method-specific exact control,small_exact | n=10 | method-specific exact control,2,Pareto-DP,Pareto-DP,no-relay,1,1,8.0,8,8,0.8,0.8,0.8,54.645870364663075,54.645870364663075,54.645870364663075,,
history,codex/uav-alns-dispatch,uav_benchmark,small_exact,exact_n10,10,method-specific exact control,small_exact | n=10 | method-specific exact control,3,Regret-2,Regret-2,no-relay,1,1,7.0,7,7,0.7,0.7,0.7,48.40031812367463,48.40031812367463,48.40031812367463,,
history,codex/uav-alns-dispatch,uav_benchmark,small_exact,exact_n12,12,method-specific exact control,small_exact | n=12 | method-specific exact control,1,Pareto-DP,Pareto-DP,no-relay,1,1,9.0,9,9,0.75,0.75,0.75,62.41057960612646,62.41057960612646,62.41057960612646,,
history,codex/uav-alns-dispatch,uav_benchmark,small_exact,exact_n12,12,method-specific exact control,small_exact | n=12 | method-specific exact control,2,C2-Lex-HALNS,C2-Lex-HALNS,no-relay,1,1,9.0,9,9,0.75,0.75,0.75,64.18490207787289,64.18490207787289,64.18490207787289,,
history,codex/uav-alns-dispatch,uav_benchmark,small_exact,exact_n12,12,method-specific exact control,small_exact | n=12 | method-specific exact control,3,Regret-2,Regret-2,no-relay,1,1,6.0,6,6,0.5,0.5,0.5,62.852801995107754,62.852801995107754,62.852801995107754,,
