instance_id,task_count,instance_seed,solver_seed,drone_count,method_id,method_label,variant_description,initial_routes_sha256,late_count,late_rate,total_lateness_min,lateness_per_task_min,distance_km,distance_per_task_km,construction_seconds,search_seconds,total_runtime_seconds,iterations,valid
virtual_n30_seed2026082601,30,2026082601,,2,nearest_adjacent,最近邻成对贪心,,,7,0.23333333333333334,389.3777039246477,12.979256797488256,381.01804497206973,12.700601499068991,0.0,0.0023012079764157534,0.0023012079764157534,0,True
virtual_n30_seed2026082601,30,2026082601,,2,edd_adjacent,最早截止期成对贪心,,,24,0.8,2059.2350131887797,68.64116710629266,629.5538491241098,20.985128304136992,0.0,0.0004164590500295162,0.0004164590500295162,0,True
virtual_n30_seed2026082601,30,2026082601,,2,greedy_full_position,全位置词典序贪心,,,0,0.0,0.0,0.0,267.6497290443446,8.921657634811487,0.0,0.0017998749390244484,0.0017998749390244484,0,True
virtual_n30_seed2026082601,30,2026082601,2026082601,2,full_alns,完整C2-Lex-ALNS,14个算子、截止期风险引导和自适应权重全部开启,367b50abdd92021c9a54021d30912f50e77e837d1c988f9e20ac1a04d48cacd9,0,0.0,0.0,0.0,255.92388340118228,8.530796113372743,0.010432292008772492,0.45498179201968014,0.46541408402845263,1000,True
virtual_n30_seed2026082601,30,2026082601,2026082601,2,no_time_awareness,去除时间感知,关闭截止期风险引导，并移除deadline_related、late_critical、deadline和slack算子,367b50abdd92021c9a54021d30912f50e77e837d1c988f9e20ac1a04d48cacd9,1,0.03333333333333333,58.17261174316572,1.939087058105524,289.8835059266635,9.662783530888783,0.010432292008772492,0.49770662491209805,0.5081389169208705,1000,True
virtual_n30_seed2026082601,30,2026082601,2026082601,2,no_capacity_conflict,去除容量冲突破坏,移除capacity_conflict破坏算子，其余设置不变,367b50abdd92021c9a54021d30912f50e77e837d1c988f9e20ac1a04d48cacd9,0,0.0,0.0,0.0,254.00377941507622,8.466792647169207,0.010432292008772492,0.40825654193758965,0.41868883394636214,1000,True
virtual_n30_seed2026082601,30,2026082601,2026082601,2,no_assignment_destroy,去除任务重分配破坏,移除assignment_destroy破坏算子，其余设置不变,367b50abdd92021c9a54021d30912f50e77e837d1c988f9e20ac1a04d48cacd9,1,0.03333333333333333,22.204908316043927,0.7401636105347975,278.49929870868397,9.283309956956133,0.010432292008772492,0.422683582874015,0.43311587488278747,1000,True
virtual_n30_seed2026082601,30,2026082601,2026082601,2,uniform_operator_weights,关闭自适应权重,保留14个算子，但整个搜索期间保持均匀选择权重,367b50abdd92021c9a54021d30912f50e77e837d1c988f9e20ac1a04d48cacd9,0,0.0,0.0,0.0,267.2976038898458,8.909920129661526,0.010432292008772492,0.42531624995172024,0.43574854196049273,1000,True
virtual_n30_seed2026082602,30,2026082602,,2,nearest_adjacent,最近邻成对贪心,,,14,0.4666666666666667,1081.2789654334056,36.04263218111352,540.472953082137,18.015765102737898,0.0,0.0022776660043746233,0.0022776660043746233,0,True
virtual_n30_seed2026082602,30,2026082602,,2,edd_adjacent,最早截止期成对贪心,,,24,0.8,2789.9921262021394,92.99973754007131,725.3425829220187,24.178086097400623,0.0,0.00032258289866149426,0.00032258289866149426,0,True
virtual_n30_seed2026082602,30,2026082602,,2,greedy_full_position,全位置词典序贪心,,,11,0.36666666666666664,939.2447364701318,31.308157882337728,472.8387445678738,15.761291485595793,0.0,0.0016926671378314495,0.0016926671378314495,0,True
virtual_n30_seed2026082602,30,2026082602,2026082602,2,full_alns,完整C2-Lex-ALNS,14个算子、截止期风险引导和自适应权重全部开启,915b643a5bc70f36e04b698dd0a31db769d3b687137010b35076e5211e550f45,5,0.16666666666666666,361.7772886177307,12.059242953924356,354.84254167695383,11.828084722565128,0.008297542110085487,0.47232545795850456,0.48062300006859004,1000,True
virtual_n30_seed2026082602,30,2026082602,2026082602,2,no_time_awareness,去除时间感知,关闭截止期风险引导，并移除deadline_related、late_critical、deadline和slack算子,915b643a5bc70f36e04b698dd0a31db769d3b687137010b35076e5211e550f45,5,0.16666666666666666,326.6943918907725,10.88981306302575,347.9846223814449,11.599487412714831,0.008297542110085487,0.5061496670823544,0.5144472091924399,1000,True
virtual_n30_seed2026082602,30,2026082602,2026082602,2,no_capacity_conflict,去除容量冲突破坏,移除capacity_conflict破坏算子，其余设置不变,915b643a5bc70f36e04b698dd0a31db769d3b687137010b35076e5211e550f45,6,0.2,240.9726063930774,8.03242021310258,365.5572593149623,12.185241977165411,0.008297542110085487,0.4744432920124382,0.48274083412252367,1000,True
virtual_n30_seed2026082602,30,2026082602,2026082602,2,no_assignment_destroy,去除任务重分配破坏,移除assignment_destroy破坏算子，其余设置不变,915b643a5bc70f36e04b698dd0a31db769d3b687137010b35076e5211e550f45,6,0.2,415.3480371295922,13.844934570986407,382.21629233932606,12.740543077977536,0.008297542110085487,0.3997524578589946,0.4080499999690801,1000,True
virtual_n30_seed2026082602,30,2026082602,2026082602,2,uniform_operator_weights,关闭自适应权重,保留14个算子，但整个搜索期间保持均匀选择权重,915b643a5bc70f36e04b698dd0a31db769d3b687137010b35076e5211e550f45,5,0.16666666666666666,268.9350435965132,8.964501453217107,339.33536192390005,11.311178730796668,0.008297542110085487,0.471848834073171,0.4801463761832565,1000,True
virtual_n30_seed2026082603,30,2026082603,,2,nearest_adjacent,最近邻成对贪心,,,15,0.5,1783.1483462222513,59.43827820740838,572.2608075095529,19.075360250318433,0.0,0.002327375113964081,0.002327375113964081,0,True
virtual_n30_seed2026082603,30,2026082603,,2,edd_adjacent,最早截止期成对贪心,,,22,0.7333333333333333,2822.3361682567174,94.07787227522391,735.7124045831738,24.523746819439125,0.0,0.0004290419165045023,0.0004290419165045023,0,True
virtual_n30_seed2026082603,30,2026082603,,2,greedy_full_position,全位置词典序贪心,,,10,0.3333333333333333,591.4862257239753,19.71620752413251,400.19450377408685,13.339816792469561,0.0,0.0019377078860998154,0.0019377078860998154,0,True
virtual_n30_seed2026082603,30,2026082603,2026082603,2,full_alns,完整C2-Lex-ALNS,14个算子、截止期风险引导和自适应权重全部开启,86c4792951c1d0c653dd8c84b3aeff190fc094d612d2f242ddb4778a279e6265,6,0.2,351.67588104089293,11.722529368029765,340.83603108354873,11.361201036118292,0.010080832988023758,0.43855670909397304,0.4486375420819968,1000,True
virtual_n30_seed2026082603,30,2026082603,2026082603,2,no_time_awareness,去除时间感知,关闭截止期风险引导，并移除deadline_related、late_critical、deadline和slack算子,86c4792951c1d0c653dd8c84b3aeff190fc094d612d2f242ddb4778a279e6265,6,0.2,453.8793741474524,15.129312471581747,362.25778433546293,12.075259477848764,0.010080832988023758,0.4783061670605093,0.4883870000485331,1000,True
virtual_n30_seed2026082603,30,2026082603,2026082603,2,no_capacity_conflict,去除容量冲突破坏,移除capacity_conflict破坏算子，其余设置不变,86c4792951c1d0c653dd8c84b3aeff190fc094d612d2f242ddb4778a279e6265,5,0.16666666666666666,386.3283995072252,12.877613316907507,364.50312369688913,12.150104123229637,0.010080832988023758,0.4661870407871902,0.47626787377521396,1000,True
virtual_n30_seed2026082603,30,2026082603,2026082603,2,no_assignment_destroy,去除任务重分配破坏,移除assignment_destroy破坏算子，其余设置不变,86c4792951c1d0c653dd8c84b3aeff190fc094d612d2f242ddb4778a279e6265,5,0.16666666666666666,350.2667527469365,11.675558424897883,361.66217318202223,12.055405772734074,0.010080832988023758,0.4114694169256836,0.4215502499137074,1000,True
virtual_n30_seed2026082603,30,2026082603,2026082603,2,uniform_operator_weights,关闭自适应权重,保留14个算子，但整个搜索期间保持均匀选择权重,86c4792951c1d0c653dd8c84b3aeff190fc094d612d2f242ddb4778a279e6265,5,0.16666666666666666,333.3521847518918,11.111739491729727,354.0279737200949,11.800932457336497,0.010080832988023758,0.43584937509149313,0.4459302080795169,1000,True
virtual_n30_seed2026082604,30,2026082604,,2,nearest_adjacent,最近邻成对贪心,,,12,0.4,1347.8724408202056,44.92908136067352,499.4137475737838,16.647124919126124,0.0,0.002333291806280613,0.002333291806280613,0,True
virtual_n30_seed2026082604,30,2026082604,,2,edd_adjacent,最早截止期成对贪心,,,23,0.7666666666666667,2118.850296421584,70.6283432140528,643.7072801190909,21.45690933730303,0.0,0.00032841693609952927,0.00032841693609952927,0,True
virtual_n30_seed2026082604,30,2026082604,,2,greedy_full_position,全位置词典序贪心,,,11,0.36666666666666664,261.70126655787544,8.723375551929182,369.9837728487898,12.332792428292993,0.0,0.0026685830671340227,0.0026685830671340227,0,True
virtual_n30_seed2026082604,30,2026082604,2026082604,2,full_alns,完整C2-Lex-ALNS,14个算子、截止期风险引导和自适应权重全部开启,11d6f807cba165f9b80640ee9d2098c336d47dc40e410d0186a335c5288e1c61,4,0.13333333333333333,128.72678800228988,4.290892933409663,313.4350252862448,10.44783417620816,0.010274708038195968,0.4462528331205249,0.45652754115872085,1000,True
virtual_n30_seed2026082604,30,2026082604,2026082604,2,no_time_awareness,去除时间感知,关闭截止期风险引导，并移除deadline_related、late_critical、deadline和slack算子,11d6f807cba165f9b80640ee9d2098c336d47dc40e410d0186a335c5288e1c61,4,0.13333333333333333,252.04140926305263,8.40138030876842,343.6092183181664,11.453640610605548,0.010274708038195968,0.5419038340914994,0.5521785421296954,1000,True
virtual_n30_seed2026082604,30,2026082604,2026082604,2,no_capacity_conflict,去除容量冲突破坏,移除capacity_conflict破坏算子，其余设置不变,11d6f807cba165f9b80640ee9d2098c336d47dc40e410d0186a335c5288e1c61,5,0.16666666666666666,322.1372506699826,10.737908355666088,364.03837669750783,12.134612556583594,0.010274708038195968,0.5057692499831319,0.5160439580213279,1000,True
virtual_n30_seed2026082604,30,2026082604,2026082604,2,no_assignment_destroy,去除任务重分配破坏,移除assignment_destroy破坏算子，其余设置不变,11d6f807cba165f9b80640ee9d2098c336d47dc40e410d0186a335c5288e1c61,4,0.13333333333333333,161.8599719712819,5.39533239904273,345.16787885276995,11.505595961758997,0.010274708038195968,0.43986308318562806,0.450137791223824,1000,True
virtual_n30_seed2026082604,30,2026082604,2026082604,2,uniform_operator_weights,关闭自适应权重,保留14个算子，但整个搜索期间保持均匀选择权重,11d6f807cba165f9b80640ee9d2098c336d47dc40e410d0186a335c5288e1c61,3,0.1,177.6204011518144,5.920680038393813,331.17658735258016,11.039219578419338,0.010274708038195968,0.4476132078561932,0.45788791589438915,1000,True
virtual_n30_seed2026082605,30,2026082605,,2,nearest_adjacent,最近邻成对贪心,,,12,0.4,931.7266364465063,31.057554548216878,525.8342962594389,17.52780987531463,0.0,0.0023222079034894705,0.0023222079034894705,0,True
virtual_n30_seed2026082605,30,2026082605,,2,edd_adjacent,最早截止期成对贪心,,,22,0.7333333333333333,2364.623405372905,78.82078017909683,667.9934307781577,22.266447692605258,0.0,0.00032279198057949543,0.00032279198057949543,0,True
virtual_n30_seed2026082605,30,2026082605,,2,greedy_full_position,全位置词典序贪心,,,8,0.26666666666666666,639.5831821707955,21.31943940569318,428.50402621866004,14.283467540622002,0.0,0.0016483331564813852,0.0016483331564813852,0,True
virtual_n30_seed2026082605,30,2026082605,2026082605,2,full_alns,完整C2-Lex-ALNS,14个算子、截止期风险引导和自适应权重全部开启,e65f0db31289f8bf75db69a7cda484bcbf182fc7f8890973fc756776c986e8a2,3,0.1,210.6232909878344,7.020776366261146,361.0981900015118,12.036606333383727,0.009194833924993873,0.4813588340766728,0.49055366800166667,1000,True
virtual_n30_seed2026082605,30,2026082605,2026082605,2,no_time_awareness,去除时间感知,关闭截止期风险引导，并移除deadline_related、late_critical、deadline和slack算子,e65f0db31289f8bf75db69a7cda484bcbf182fc7f8890973fc756776c986e8a2,5,0.16666666666666666,210.8229844526803,7.027432815089343,345.8656112226815,11.528853707422716,0.009194833924993873,0.5171310829464346,0.5263259168714285,1000,True
virtual_n30_seed2026082605,30,2026082605,2026082605,2,no_capacity_conflict,去除容量冲突破坏,移除capacity_conflict破坏算子，其余设置不变,e65f0db31289f8bf75db69a7cda484bcbf182fc7f8890973fc756776c986e8a2,5,0.16666666666666666,253.93688157286442,8.46456271909548,330.19446937920617,11.006482312640205,0.009194833924993873,0.43096812488511205,0.4401629588101059,1000,True
virtual_n30_seed2026082605,30,2026082605,2026082605,2,no_assignment_destroy,去除任务重分配破坏,移除assignment_destroy破坏算子，其余设置不变,e65f0db31289f8bf75db69a7cda484bcbf182fc7f8890973fc756776c986e8a2,3,0.1,214.6458981198681,7.15486327066227,328.8450214779911,10.961500715933036,0.009194833924993873,0.40184433315880597,0.41103916708379984,1000,True
virtual_n30_seed2026082605,30,2026082605,2026082605,2,uniform_operator_weights,关闭自适应权重,保留14个算子，但整个搜索期间保持均匀选择权重,e65f0db31289f8bf75db69a7cda484bcbf182fc7f8890973fc756776c986e8a2,4,0.13333333333333333,111.94817210024874,3.731605736674958,336.030559754946,11.201018658498201,0.009194833924993873,0.49482208397239447,0.5040169178973883,1000,True
virtual_n60_seed2026082601,60,2026082601,,4,nearest_adjacent,最近邻成对贪心,,,29,0.48333333333333334,2157.7905745462617,35.9631762424377,931.2590944965843,15.520984908276406,0.0,0.011548375012353063,0.011548375012353063,0,True
virtual_n60_seed2026082601,60,2026082601,,4,edd_adjacent,最早截止期成对贪心,,,46,0.7666666666666667,4015.3254874314275,66.92209145719046,1230.0958665933401,20.50159777655567,0.0,0.001249041873961687,0.001249041873961687,0,True
virtual_n60_seed2026082601,60,2026082601,,4,greedy_full_position,全位置词典序贪心,,,16,0.26666666666666666,646.587726400156,10.776462106669268,702.3092698143463,11.705154496905772,0.0,0.005266750231385231,0.005266750231385231,0,True
virtual_n60_seed2026082601,60,2026082601,2026082601,4,full_alns,完整C2-Lex-ALNS,14个算子、截止期风险引导和自适应权重全部开启,7d1944922b024989280874f33539274f476babaa8f0e5e53ab6c5d9420390791,4,0.06666666666666667,329.47088962353797,5.491181493725633,613.1980848897836,10.219968081496393,0.03358187503181398,1.1836655410006642,1.2172474160324782,1000,True
virtual_n60_seed2026082601,60,2026082601,2026082601,4,no_time_awareness,去除时间感知,关闭截止期风险引导，并移除deadline_related、late_critical、deadline和slack算子,7d1944922b024989280874f33539274f476babaa8f0e5e53ab6c5d9420390791,3,0.05,86.18902450012708,1.4364837416687846,572.6958172184408,9.544930286974013,0.03358187503181398,1.238766917027533,1.272348792059347,1000,True
virtual_n60_seed2026082601,60,2026082601,2026082601,4,no_capacity_conflict,去除容量冲突破坏,移除capacity_conflict破坏算子，其余设置不变,7d1944922b024989280874f33539274f476babaa8f0e5e53ab6c5d9420390791,3,0.05,223.64625300091444,3.7274375500152406,608.5389739765452,10.14231623294242,0.03358187503181398,1.173642999958247,1.207224874990061,1000,True
virtual_n60_seed2026082601,60,2026082601,2026082601,4,no_assignment_destroy,去除任务重分配破坏,移除assignment_destroy破坏算子，其余设置不变,7d1944922b024989280874f33539274f476babaa8f0e5e53ab6c5d9420390791,4,0.06666666666666667,328.5975038764621,5.476625064607702,622.4307992059994,10.373846653433324,0.03358187503181398,1.1862408330198377,1.2198227080516517,1000,True
virtual_n60_seed2026082601,60,2026082601,2026082601,4,uniform_operator_weights,关闭自适应权重,保留14个算子，但整个搜索期间保持均匀选择权重,7d1944922b024989280874f33539274f476babaa8f0e5e53ab6c5d9420390791,3,0.05,265.82383644517677,4.430397274086279,602.1537277232048,10.035895462053414,0.03358187503181398,1.16455345810391,1.198135333135724,1000,True
virtual_n60_seed2026082602,60,2026082602,,4,nearest_adjacent,最近邻成对贪心,,,24,0.4,1950.3853249532274,32.50642208255379,979.4992042166194,16.324986736943657,0.0,0.011812832904979587,0.011812832904979587,0,True
virtual_n60_seed2026082602,60,2026082602,,4,edd_adjacent,最早截止期成对贪心,,,41,0.6833333333333333,3441.557447935683,57.35929079892805,1184.3891872559186,19.739819787598645,0.0,0.0012823748402297497,0.0012823748402297497,0,True
virtual_n60_seed2026082602,60,2026082602,,4,greedy_full_position,全位置词典序贪心,,,16,0.26666666666666666,732.795696112394,12.213261601873233,755.7733398407161,12.596222330678602,0.0,0.006859167013317347,0.006859167013317347,0,True
virtual_n60_seed2026082602,60,2026082602,2026082602,4,full_alns,完整C2-Lex-ALNS,14个算子、截止期风险引导和自适应权重全部开启,168c5aa50fd605b3af71c49d3d0e4054c8774bde14125a417a912a3afe1f2e12,7,0.11666666666666667,371.663763511036,6.194396058517267,634.856367530621,10.580939458843684,0.03386387508362532,1.2174184580799192,1.2512823331635445,1000,True
virtual_n60_seed2026082602,60,2026082602,2026082602,4,no_time_awareness,去除时间感知,关闭截止期风险引导，并移除deadline_related、late_critical、deadline和slack算子,168c5aa50fd605b3af71c49d3d0e4054c8774bde14125a417a912a3afe1f2e12,6,0.1,296.98467197387896,4.9497445328979826,624.0962600665835,10.401604334443057,0.03386387508362532,1.0876927089411765,1.1215565840248019,1000,True
virtual_n60_seed2026082602,60,2026082602,2026082602,4,no_capacity_conflict,去除容量冲突破坏,移除capacity_conflict破坏算子，其余设置不变,168c5aa50fd605b3af71c49d3d0e4054c8774bde14125a417a912a3afe1f2e12,6,0.1,313.7145606018397,5.228576010030662,622.5828064172822,10.376380106954704,0.03386387508362532,1.080490541877225,1.1143544169608504,1000,True
virtual_n60_seed2026082602,60,2026082602,2026082602,4,no_assignment_destroy,去除任务重分配破坏,移除assignment_destroy破坏算子，其余设置不变,168c5aa50fd605b3af71c49d3d0e4054c8774bde14125a417a912a3afe1f2e12,6,0.1,413.61272526261433,6.893545421043572,638.3598619350853,10.639331032251421,0.03386387508362532,1.054549166932702,1.0884130420163274,1000,True
virtual_n60_seed2026082602,60,2026082602,2026082602,4,uniform_operator_weights,关闭自适应权重,保留14个算子，但整个搜索期间保持均匀选择权重,168c5aa50fd605b3af71c49d3d0e4054c8774bde14125a417a912a3afe1f2e12,6,0.1,370.909917925168,6.181831965419466,609.1777782511455,10.152962970852425,0.03386387508362532,1.0717591249849647,1.10562300006859,1000,True
virtual_n60_seed2026082603,60,2026082603,,4,nearest_adjacent,最近邻成对贪心,,,28,0.4666666666666667,2815.1747892991393,46.91957982165232,1008.8242258675438,16.813737097792394,0.0,0.011119792005047202,0.011119792005047202,0,True
virtual_n60_seed2026082603,60,2026082603,,4,edd_adjacent,最早截止期成对贪心,,,43,0.7166666666666667,4374.044083786457,72.90073472977429,1281.7106219474442,21.36184369912407,0.0,0.0012151659466326237,0.0012151659466326237,0,True
virtual_n60_seed2026082603,60,2026082603,,4,greedy_full_position,全位置词典序贪心,,,9,0.15,325.8889533839829,5.431482556399715,680.8779418841419,11.347965698069032,0.0,0.0069773339200764894,0.0069773339200764894,0,True
virtual_n60_seed2026082603,60,2026082603,2026082603,4,full_alns,完整C2-Lex-ALNS,14个算子、截止期风险引导和自适应权重全部开启,e39780251b1cc8000dbf267e71ecd44fc6de5caab050a1f7e4c424c82c520df1,7,0.11666666666666667,346.80954989226075,5.780159164871012,595.8789495533657,9.93131582588943,0.0310462499037385,1.1274692500010133,1.1585154999047518,1000,True
virtual_n60_seed2026082603,60,2026082603,2026082603,4,no_time_awareness,去除时间感知,关闭截止期风险引导，并移除deadline_related、late_critical、deadline和slack算子,e39780251b1cc8000dbf267e71ecd44fc6de5caab050a1f7e4c424c82c520df1,9,0.15,462.362718486549,7.70604530810915,634.5407730133287,10.575679550222144,0.0310462499037385,1.127593999961391,1.1586402498651296,1000,True
virtual_n60_seed2026082603,60,2026082603,2026082603,4,no_capacity_conflict,去除容量冲突破坏,移除capacity_conflict破坏算子，其余设置不变,e39780251b1cc8000dbf267e71ecd44fc6de5caab050a1f7e4c424c82c520df1,7,0.11666666666666667,514.1482884904315,8.56913814150719,653.9517180135105,10.899195300225175,0.0310462499037385,1.0853297079447657,1.1163759578485042,1000,True
virtual_n60_seed2026082603,60,2026082603,2026082603,4,no_assignment_destroy,去除任务重分配破坏,移除assignment_destroy破坏算子，其余设置不变,e39780251b1cc8000dbf267e71ecd44fc6de5caab050a1f7e4c424c82c520df1,7,0.11666666666666667,437.3134349836575,7.288557249727625,617.4006854000536,10.290011423334226,0.0310462499037385,1.0620117499493062,1.0930579998530447,1000,True
virtual_n60_seed2026082603,60,2026082603,2026082603,4,uniform_operator_weights,关闭自适应权重,保留14个算子，但整个搜索期间保持均匀选择权重,e39780251b1cc8000dbf267e71ecd44fc6de5caab050a1f7e4c424c82c520df1,6,0.1,347.4941880477118,5.791569800795197,605.0228352812884,10.083713921354807,0.0310462499037385,1.1248710409272462,1.1559172908309847,1000,True
virtual_n60_seed2026082604,60,2026082604,,4,nearest_adjacent,最近邻成对贪心,,,23,0.38333333333333336,1697.683822406687,28.294730373444786,910.8221162500213,15.180368604167022,0.0,0.011363790836185217,0.011363790836185217,0,True
virtual_n60_seed2026082604,60,2026082604,,4,edd_adjacent,最早截止期成对贪心,,,44,0.7333333333333333,3655.040341459069,60.91733902431782,1177.3367519504222,19.622279199173704,0.0,0.0012030829675495625,0.0012030829675495625,0,True
virtual_n60_seed2026082604,60,2026082604,,4,greedy_full_position,全位置词典序贪心,,,13,0.21666666666666667,596.6972661617929,9.944954436029882,748.7866470712823,12.479777451188038,0.0,0.00589695805683732,0.00589695805683732,0,True
virtual_n60_seed2026082604,60,2026082604,2026082604,4,full_alns,完整C2-Lex-ALNS,14个算子、截止期风险引导和自适应权重全部开启,56404bdacb179065167cbc148c4950e3aa333c6d1c1eb741aaf362a6d3908f01,4,0.06666666666666667,194.18949502276632,3.236491583712772,553.3188160608081,9.221980267680134,0.03420250001363456,1.2158856249880046,1.2500881250016391,1000,True
virtual_n60_seed2026082604,60,2026082604,2026082604,4,no_time_awareness,去除时间感知,关闭截止期风险引导，并移除deadline_related、late_critical、deadline和slack算子,56404bdacb179065167cbc148c4950e3aa333c6d1c1eb741aaf362a6d3908f01,4,0.06666666666666667,234.86157306370256,3.9143595510617093,599.6684951016233,9.994474918360389,0.03420250001363456,1.1787108751013875,1.212913375115022,1000,True
virtual_n60_seed2026082604,60,2026082604,2026082604,4,no_capacity_conflict,去除容量冲突破坏,移除capacity_conflict破坏算子，其余设置不变,56404bdacb179065167cbc148c4950e3aa333c6d1c1eb741aaf362a6d3908f01,4,0.06666666666666667,287.15747118344814,4.785957853057469,621.0916622110557,10.351527703517595,0.03420250001363456,1.0757092500571162,1.1099117500707507,1000,True
virtual_n60_seed2026082604,60,2026082604,2026082604,4,no_assignment_destroy,去除任务重分配破坏,移除assignment_destroy破坏算子，其余设置不变,56404bdacb179065167cbc148c4950e3aa333c6d1c1eb741aaf362a6d3908f01,5,0.08333333333333333,271.4344839601224,4.52390806600204,614.3706488779146,10.23951081463191,0.03420250001363456,1.0697777080349624,1.103980208048597,1000,True
virtual_n60_seed2026082604,60,2026082604,2026082604,4,uniform_operator_weights,关闭自适应权重,保留14个算子，但整个搜索期间保持均匀选择权重,56404bdacb179065167cbc148c4950e3aa333c6d1c1eb741aaf362a6d3908f01,7,0.11666666666666667,398.1973900482137,6.636623167470229,630.3537936160169,10.50589656026695,0.03420250001363456,1.148710791952908,1.1829132919665426,1000,True
virtual_n60_seed2026082605,60,2026082605,,4,nearest_adjacent,最近邻成对贪心,,,28,0.4666666666666667,2217.7252013877546,36.96208668979591,935.7680943101865,15.596134905169775,0.0,0.010934708174318075,0.010934708174318075,0,True
virtual_n60_seed2026082605,60,2026082605,,4,edd_adjacent,最早截止期成对贪心,,,42,0.7,3272.838332004864,54.547305533414395,1110.5082207970154,18.508470346616924,0.0,0.0012252498418092728,0.0012252498418092728,0,True
virtual_n60_seed2026082605,60,2026082605,,4,greedy_full_position,全位置词典序贪心,,,17,0.2833333333333333,698.1271752307289,11.635452920512147,760.3546285154297,12.672577141923828,0.0,0.006260541966184974,0.006260541966184974,0,True
virtual_n60_seed2026082605,60,2026082605,2026082605,4,full_alns,完整C2-Lex-ALNS,14个算子、截止期风险引导和自适应权重全部开启,2e91831e2bf90f20f1284911b7ce1592344cc58018be727b4a95b0cf4600cd02,7,0.11666666666666667,376.8021255883699,6.280035426472832,652.4961055220556,10.87493509203426,0.05095787509344518,1.03920929110609,1.0901671661995351,1000,True
virtual_n60_seed2026082605,60,2026082605,2026082605,4,no_time_awareness,去除时间感知,关闭截止期风险引导，并移除deadline_related、late_critical、deadline和slack算子,2e91831e2bf90f20f1284911b7ce1592344cc58018be727b4a95b0cf4600cd02,6,0.1,391.5987928396868,6.526646547328113,672.835313342365,11.213921889039417,0.05095787509344518,1.2330470408778638,1.284004915971309,1000,True
virtual_n60_seed2026082605,60,2026082605,2026082605,4,no_capacity_conflict,去除容量冲突破坏,移除capacity_conflict破坏算子，其余设置不变,2e91831e2bf90f20f1284911b7ce1592344cc58018be727b4a95b0cf4600cd02,6,0.1,370.46900764148927,6.174483460691488,662.4948906296794,11.041581510494657,0.05095787509344518,1.1047471249476075,1.1557050000410527,1000,True
virtual_n60_seed2026082605,60,2026082605,2026082605,4,no_assignment_destroy,去除任务重分配破坏,移除assignment_destroy破坏算子，其余设置不变,2e91831e2bf90f20f1284911b7ce1592344cc58018be727b4a95b0cf4600cd02,8,0.13333333333333333,331.47594418502564,5.524599069750427,611.8698063533647,10.19783010588941,0.05095787509344518,1.1420639590360224,1.1930218341294676,1000,True
virtual_n60_seed2026082605,60,2026082605,2026082605,4,uniform_operator_weights,关闭自适应权重,保留14个算子，但整个搜索期间保持均匀选择权重,2e91831e2bf90f20f1284911b7ce1592344cc58018be727b4a95b0cf4600cd02,5,0.08333333333333333,235.1392765346287,3.9189879422438114,637.5668694540656,10.626114490901093,0.05095787509344518,1.0818339590914547,1.1327918341849,1000,True
virtual_n90_seed2026082601,90,2026082601,,6,nearest_adjacent,最近邻成对贪心,,,34,0.37777777777777777,3847.8560886445753,42.75395654049528,1325.9465637175476,14.73273959686164,0.0,0.030995334032922983,0.030995334032922983,0,True
virtual_n90_seed2026082601,90,2026082601,,6,edd_adjacent,最早截止期成对贪心,,,68,0.7555555555555555,4524.477228176922,50.2719692019658,1707.551276026727,18.97279195585252,0.0,0.002555707935243845,0.002555707935243845,0,True
virtual_n90_seed2026082601,90,2026082601,,6,greedy_full_position,全位置词典序贪心,,,11,0.12222222222222222,416.53984062395676,4.628220451377297,1010.3748824896131,11.226387583217925,0.0,0.009904874954372644,0.009904874954372644,0,True
virtual_n90_seed2026082601,90,2026082601,2026082601,6,full_alns,完整C2-Lex-ALNS,14个算子、截止期风险引导和自适应权重全部开启,bd85d57210e89117088b1eb022d16e171c6e9dbf8c77659511007baec0d54bd0,7,0.07777777777777778,336.64138971445846,3.7404598857162052,906.9316307678339,10.077018119642599,0.08166841696947813,2.0639123329892755,2.1455807499587536,1000,True
virtual_n90_seed2026082601,90,2026082601,2026082601,6,no_time_awareness,去除时间感知,关闭截止期风险引导，并移除deadline_related、late_critical、deadline和slack算子,bd85d57210e89117088b1eb022d16e171c6e9dbf8c77659511007baec0d54bd0,3,0.03333333333333333,193.54681297003629,2.1505201441115145,875.0225040325811,9.722472267028678,0.08166841696947813,2.0535855828784406,2.1352539998479187,1000,True
virtual_n90_seed2026082601,90,2026082601,2026082601,6,no_capacity_conflict,去除容量冲突破坏,移除capacity_conflict破坏算子，其余设置不变,bd85d57210e89117088b1eb022d16e171c6e9dbf8c77659511007baec0d54bd0,3,0.03333333333333333,162.63156939822466,1.8070174377580517,905.2887002300689,10.058763335889655,0.08166841696947813,2.079279834171757,2.1609482511412352,1000,True
virtual_n90_seed2026082601,90,2026082601,2026082601,6,no_assignment_destroy,去除任务重分配破坏,移除assignment_destroy破坏算子，其余设置不变,bd85d57210e89117088b1eb022d16e171c6e9dbf8c77659511007baec0d54bd0,4,0.044444444444444446,372.0467848358587,4.133853164842875,890.8499376800083,9.898332640888981,0.08166841696947813,2.1179084579925984,2.1995768749620765,1000,True
virtual_n90_seed2026082601,90,2026082601,2026082601,6,uniform_operator_weights,关闭自适应权重,保留14个算子，但整个搜索期间保持均匀选择权重,bd85d57210e89117088b1eb022d16e171c6e9dbf8c77659511007baec0d54bd0,4,0.044444444444444446,335.9579859279821,3.7328665103109127,910.714803351074,10.119053370567489,0.08166841696947813,2.1044153331313282,2.1860837501008064,1000,True
virtual_n90_seed2026082602,90,2026082602,,6,nearest_adjacent,最近邻成对贪心,,,43,0.4777777777777778,4676.215564472523,51.95795071636136,1522.0548686009588,16.911720762232875,0.0,0.031854999950155616,0.031854999950155616,0,True
virtual_n90_seed2026082602,90,2026082602,,6,edd_adjacent,最早截止期成对贪心,,,67,0.7444444444444445,5990.61362677486,66.56237363083177,1830.6109883485253,20.340122092761394,0.0,0.0029458750505000353,0.0029458750505000353,0,True
virtual_n90_seed2026082602,90,2026082602,,6,greedy_full_position,全位置词典序贪心,,,22,0.24444444444444444,1183.1298138886727,13.145886820985252,1146.3814023781956,12.737571137535507,0.0,0.011433582985773683,0.011433582985773683,0,True
virtual_n90_seed2026082602,90,2026082602,2026082602,6,full_alns,完整C2-Lex-ALNS,14个算子、截止期风险引导和自适应权重全部开启,2c6dfff061b094b39356c3645e6ccf4905e832ea4800e84765a84be068ba8dc9,12,0.13333333333333333,664.1078949654024,7.378976610726693,984.2336251019191,10.9359291677991,0.07785470806993544,2.1148563330061734,2.192711041076109,1000,True
virtual_n90_seed2026082602,90,2026082602,2026082602,6,no_time_awareness,去除时间感知,关闭截止期风险引导，并移除deadline_related、late_critical、deadline和slack算子,2c6dfff061b094b39356c3645e6ccf4905e832ea4800e84765a84be068ba8dc9,9,0.1,562.3092622055804,6.247880691173115,962.2958114552486,10.692175682836096,0.07785470806993544,2.089951792033389,2.1678065001033247,1000,True
virtual_n90_seed2026082602,90,2026082602,2026082602,6,no_capacity_conflict,去除容量冲突破坏,移除capacity_conflict破坏算子，其余设置不变,2c6dfff061b094b39356c3645e6ccf4905e832ea4800e84765a84be068ba8dc9,12,0.13333333333333333,626.4394547028035,6.960438385586705,950.7674927585157,10.564083252872397,0.07785470806993544,2.0272252089343965,2.105079917004332,1000,True
virtual_n90_seed2026082602,90,2026082602,2026082602,6,no_assignment_destroy,去除任务重分配破坏,移除assignment_destroy破坏算子，其余设置不变,2c6dfff061b094b39356c3645e6ccf4905e832ea4800e84765a84be068ba8dc9,10,0.1111111111111111,635.3005941763771,7.058895490848634,969.3693772081832,10.770770857868703,0.07785470806993544,2.1728615830652416,2.250716291135177,1000,True
virtual_n90_seed2026082602,90,2026082602,2026082602,6,uniform_operator_weights,关闭自适应权重,保留14个算子，但整个搜索期间保持均匀选择权重,2c6dfff061b094b39356c3645e6ccf4905e832ea4800e84765a84be068ba8dc9,10,0.1111111111111111,605.9019722889166,6.7322441365435175,930.5079142820649,10.338976825356276,0.07785470806993544,2.1211802910547704,2.199034999124706,1000,True
virtual_n90_seed2026082603,90,2026082603,,6,nearest_adjacent,最近邻成对贪心,,,43,0.4777777777777778,4553.251743871498,50.591686043016644,1474.9504409049337,16.38833823227704,0.0,0.030965709127485752,0.030965709127485752,0,True
virtual_n90_seed2026082603,90,2026082603,,6,edd_adjacent,最早截止期成对贪心,,,68,0.7555555555555555,6130.060455771951,68.11178284191057,1857.1746991378727,20.635274434865252,0.0,0.0026966670993715525,0.0026966670993715525,0,True
virtual_n90_seed2026082603,90,2026082603,,6,greedy_full_position,全位置词典序贪心,,,24,0.26666666666666666,1191.2357020709558,13.235952245232841,1156.8006782906348,12.853340869895941,0.0,0.012101083993911743,0.012101083993911743,0,True
virtual_n90_seed2026082603,90,2026082603,2026082603,6,full_alns,完整C2-Lex-ALNS,14个算子、截止期风险引导和自适应权重全部开启,b866e3ebae4f688df1ee0644a81c92abb4ea99b593e381586ba140896ecb79db,10,0.1111111111111111,725.8439993919997,8.064933326577775,955.8886375333043,10.620984861481158,0.07125795911997557,2.0753010830376297,2.1465590421576053,1000,True
virtual_n90_seed2026082603,90,2026082603,2026082603,6,no_time_awareness,去除时间感知,关闭截止期风险引导，并移除deadline_related、late_critical、deadline和slack算子,b866e3ebae4f688df1ee0644a81c92abb4ea99b593e381586ba140896ecb79db,11,0.12222222222222222,674.5916418717999,7.495462687464443,941.6524677777384,10.462805197530427,0.07125795911997557,2.240073458990082,2.3113314181100577,1000,True
virtual_n90_seed2026082603,90,2026082603,2026082603,6,no_capacity_conflict,去除容量冲突破坏,移除capacity_conflict破坏算子，其余设置不变,b866e3ebae4f688df1ee0644a81c92abb4ea99b593e381586ba140896ecb79db,9,0.1,570.0304478956156,6.333671643284617,918.2426722789808,10.202696358655341,0.07125795911997557,1.9943936658091843,2.06565162492916,1000,True
virtual_n90_seed2026082603,90,2026082603,2026082603,6,no_assignment_destroy,去除任务重分配破坏,移除assignment_destroy破坏算子，其余设置不变,b866e3ebae4f688df1ee0644a81c92abb4ea99b593e381586ba140896ecb79db,11,0.12222222222222222,537.8739009066094,5.976376676740104,979.9500389866135,10.888333766517928,0.07125795911997557,2.173544416204095,2.2448023753240705,1000,True
virtual_n90_seed2026082603,90,2026082603,2026082603,6,uniform_operator_weights,关闭自适应权重,保留14个算子，但整个搜索期间保持均匀选择权重,b866e3ebae4f688df1ee0644a81c92abb4ea99b593e381586ba140896ecb79db,9,0.1,730.6148778597953,8.11794308733106,1004.534450937021,11.161493899300233,0.07125795911997557,2.0997921659145504,2.171050125034526,1000,True
virtual_n90_seed2026082604,90,2026082604,,6,nearest_adjacent,最近邻成对贪心,,,37,0.4111111111111111,4033.4241934837737,44.81582437204193,1399.6889782402523,15.552099758225024,0.0,0.031375583028420806,0.031375583028420806,0,True
virtual_n90_seed2026082604,90,2026082604,,6,edd_adjacent,最早截止期成对贪心,,,66,0.7333333333333333,5341.842326740509,59.353803630450095,1683.5480459521284,18.706089399468095,0.0,0.002718792064115405,0.002718792064115405,0,True
virtual_n90_seed2026082604,90,2026082604,,6,greedy_full_position,全位置词典序贪心,,,13,0.14444444444444443,609.6746112246044,6.774162346940049,1027.5971968687586,11.417746631875096,0.0,0.0127357910387218,0.0127357910387218,0,True
virtual_n90_seed2026082604,90,2026082604,2026082604,6,full_alns,完整C2-Lex-ALNS,14个算子、截止期风险引导和自适应权重全部开启,5dcdf6c137296d117a7a76179a2cd3f1beb0c94d1d4eeddc1d37c2cef577f2a1,6,0.06666666666666667,371.5017031356316,4.127796701507018,937.8980610175639,10.421089566861822,0.08749129110947251,2.14807708398439,2.2355683750938624,1000,True
virtual_n90_seed2026082604,90,2026082604,2026082604,6,no_time_awareness,去除时间感知,关闭截止期风险引导，并移除deadline_related、late_critical、deadline和slack算子,5dcdf6c137296d117a7a76179a2cd3f1beb0c94d1d4eeddc1d37c2cef577f2a1,4,0.044444444444444446,139.32566888559427,1.548062987617714,860.593563969201,9.5621507107689,0.08749129110947251,2.148754541995004,2.2362458331044763,1000,True
virtual_n90_seed2026082604,90,2026082604,2026082604,6,no_capacity_conflict,去除容量冲突破坏,移除capacity_conflict破坏算子，其余设置不变,5dcdf6c137296d117a7a76179a2cd3f1beb0c94d1d4eeddc1d37c2cef577f2a1,5,0.05555555555555555,244.67816302865685,2.7186462558739652,896.8443542178655,9.964937269087395,0.08749129110947251,2.071079415967688,2.1585707070771605,1000,True
virtual_n90_seed2026082604,90,2026082604,2026082604,6,no_assignment_destroy,去除任务重分配破坏,移除assignment_destroy破坏算子，其余设置不变,5dcdf6c137296d117a7a76179a2cd3f1beb0c94d1d4eeddc1d37c2cef577f2a1,6,0.06666666666666667,303.5095146978768,3.3723279410875198,902.4946797535816,10.027718663928685,0.08749129110947251,2.358572999946773,2.4460642910562456,1000,True
virtual_n90_seed2026082604,90,2026082604,2026082604,6,uniform_operator_weights,关闭自适应权重,保留14个算子，但整个搜索期间保持均匀选择权重,5dcdf6c137296d117a7a76179a2cd3f1beb0c94d1d4eeddc1d37c2cef577f2a1,4,0.044444444444444446,197.3569315250436,2.1928547947227064,896.831044328548,9.96478938142831,0.08749129110947251,2.2507762911263853,2.338267582235858,1000,True
virtual_n90_seed2026082605,90,2026082605,,6,nearest_adjacent,最近邻成对贪心,,,44,0.4888888888888889,3818.9607696130506,42.432897440145005,1410.8442943800246,15.676047715333606,0.0,0.03416854212991893,0.03416854212991893,0,True
virtual_n90_seed2026082605,90,2026082605,,6,edd_adjacent,最早截止期成对贪心,,,63,0.7,4821.804965345196,53.57561072605774,1688.1823177305484,18.757581308117206,0.0,0.003718040883541107,0.003718040883541107,0,True
virtual_n90_seed2026082605,90,2026082605,,6,greedy_full_position,全位置词典序贪心,,,25,0.2777777777777778,898.0142105226614,9.977935672474016,1087.2010225354877,12.080011361505418,0.0,0.01456029200926423,0.01456029200926423,0,True
virtual_n90_seed2026082605,90,2026082605,2026082605,6,full_alns,完整C2-Lex-ALNS,14个算子、截止期风险引导和自适应权重全部开启,e96f664ab9d9bf3c2fe10ad0996e8ea9411b63a70e3d06cb82724765930d8bf3,9,0.1,438.8412558520819,4.876013953912021,932.9361868236164,10.365957631373515,0.10144337499514222,2.4575673330109566,2.559010708006099,1000,True
virtual_n90_seed2026082605,90,2026082605,2026082605,6,no_time_awareness,去除时间感知,关闭截止期风险引导，并移除deadline_related、late_critical、deadline和slack算子,e96f664ab9d9bf3c2fe10ad0996e8ea9411b63a70e3d06cb82724765930d8bf3,8,0.08888888888888889,404.0622108259059,4.489580120287843,933.2358809957482,10.369287566619423,0.10144337499514222,2.30813558306545,2.4095789580605924,1000,True
virtual_n90_seed2026082605,90,2026082605,2026082605,6,no_capacity_conflict,去除容量冲突破坏,移除capacity_conflict破坏算子，其余设置不变,e96f664ab9d9bf3c2fe10ad0996e8ea9411b63a70e3d06cb82724765930d8bf3,6,0.06666666666666667,339.3979387654235,3.7710882085047053,907.7755274785451,10.086394749761611,0.10144337499514222,2.3115190418902785,2.4129624168854207,1000,True
virtual_n90_seed2026082605,90,2026082605,2026082605,6,no_assignment_destroy,去除任务重分配破坏,移除assignment_destroy破坏算子，其余设置不变,e96f664ab9d9bf3c2fe10ad0996e8ea9411b63a70e3d06cb82724765930d8bf3,5,0.05555555555555555,375.96663352193787,4.1774070391326426,938.5706472839848,10.428562747599832,0.10144337499514222,2.318392999935895,2.4198363749310374,1000,True
virtual_n90_seed2026082605,90,2026082605,2026082605,6,uniform_operator_weights,关闭自适应权重,保留14个算子，但整个搜索期间保持均匀选择权重,e96f664ab9d9bf3c2fe10ad0996e8ea9411b63a70e3d06cb82724765930d8bf3,9,0.1,384.26024286961484,4.2695582541068315,910.0136539512885,10.111262821680983,0.10144337499514222,2.0512180840596557,2.152661459054798,1000,True
