accepted_solutions,budget_seconds,compliant,distance_km,initial_construction_seconds,iterations,iterations_per_search_second,late_count,matches_previous_core_score,max_lateness_min,max_route_distance_km,method,on_time_rate,route_pool_columns,runtime_seconds,scenario,search_runtime_seconds,seed,solution_file,solution_sha256,source,time_to_best_seconds,total_lateness_min,valid
293,,True,768.9286361309403,3.856732083018869,400,8.166728151692213,89,True,78.45977182527265,106.6793048803797,C2-Lex-ALNS-Core,0.555,0,52.83595516602509,equal_iterations_400,48.97922308300622,2026080500,run_solutions/equal_iterations_400__c2_lex_alns_core__seed_2026080500.json,1435670785e3a07b667645dec126d8230f4970691e9486fca55d271b142b36f1,new_core_run,39.189527000067756,3436.460047216901,True
280,,True,725.9671243091234,,400,,79,,81.61834788706867,104.77651309836176,C2-Lex-HALNS,0.605,1219,60.83557745802682,equal_iterations_400,,2026080500,,,previous_results:46e0f46d71b7,60.83529904100578,3048.228265335854,True
302,,True,727.0157897693191,3.856732083018869,400,8.334590915963336,83,True,81.95108437387995,102.37597593649195,C2-Lex-ALNS-Core,0.585,0,51.84948950004764,equal_iterations_400,47.99275741702877,2026080501,run_solutions/equal_iterations_400__c2_lex_alns_core__seed_2026080501.json,b03105375c05d7a14bae9d2d721c846c1f60ed9b0ca7e908e2776f949c9b4462,new_core_run,50.73728258302435,3272.255567945457,True
328,,True,701.1153513096586,,400,,81,,73.92784372629401,98.01168957043191,C2-Lex-HALNS,0.595,1461,70.20923833205597,equal_iterations_400,,2026080501,,,previous_results:46e0f46d71b7,70.20892816601554,2746.535897755074,True
292,,True,707.1358368906843,3.856732083018869,400,7.632791453489838,82,True,88.89666007621787,102.95699406859605,C2-Lex-ALNS-Core,0.59,0,56.26219899998978,equal_iterations_400,52.40546691697091,2026080502,run_solutions/equal_iterations_400__c2_lex_alns_core__seed_2026080502.json,5cfc949b67d73c05a262e7ecfbd5bf3161ca602fe66e7c5f67d5577fdc0527dc,new_core_run,52.57365766703151,2963.034429090041,True
304,,True,713.1134601767968,,400,,83,,74.88639092663419,100.92095806723947,C2-Lex-HALNS,0.585,1338,66.59895579103613,equal_iterations_400,,2026080502,,,previous_results:46e0f46d71b7,43.006504041026346,2973.3687491005408,True
284,,True,690.9743540144424,3.856732083018869,400,7.7695981858616605,80,True,81.94113551181943,99.39702196063746,C2-Lex-ALNS-Core,0.6,0,55.33944591600448,equal_iterations_400,51.48271383298561,2026080503,run_solutions/equal_iterations_400__c2_lex_alns_core__seed_2026080503.json,176f3ce922af0a0e43fa2f120960b308c494ba018c557b038997dfbd31c09133,new_core_run,49.1116343740141,2794.047000576955,True
299,,True,736.7997681994767,,400,,84,,72.30011837042521,98.90926518888072,C2-Lex-HALNS,0.58,1344,63.34241387504153,equal_iterations_400,,2026080503,,,previous_results:46e0f46d71b7,60.26677920803195,3224.856965350853,True
290,,True,687.6287265578436,3.856732083018869,400,7.668718731924733,83,True,68.55070609417282,94.31611802726933,C2-Lex-ALNS-Core,0.585,0,56.01668395800516,equal_iterations_400,52.15995187498629,2026080504,run_solutions/equal_iterations_400__c2_lex_alns_core__seed_2026080504.json,980fb4b4868e1eaf482ce9a0fa129efe64df7d569d725c68fd2d3863aeb39806,new_core_run,54.09779387403978,2815.5330171976543,True
290,,True,694.6948209650858,,400,,76,,85.2501576462573,105.15962477913759,C2-Lex-HALNS,0.62,1234,66.35914083302487,equal_iterations_400,,2026080504,,,previous_results:46e0f46d71b7,66.35894579102751,2860.032371492552,True
775,240.0,True,654.5681480713895,4.612363958964124,1804,7.7248657985857765,72,,65.9209819685105,89.93849439632889,C2-Lex-ALNS-Core,0.64,0,238.1439290419803,equal_wall_clock_240s,233.53156508301618,2026080500,run_solutions/equal_wall_clock_240s__c2_lex_alns_core__seed_2026080500.json,e5e7d4322c588ead35d9f11d74616669d8fe4c49663d68f675c050b0a712a375,new_paired_wall_clock_run,236.31726845900994,2447.38266026752,True
533,240.0,True,667.1195407552736,4.612363958964124,1059,4.535941277613762,69,,76.60757519405695,93.24681767465124,C2-Lex-HALNS,0.655,1905,238.08099487499567,equal_wall_clock_240s,233.46863091603154,2026080500,run_solutions/equal_wall_clock_240s__c2_lex_halns__seed_2026080500.json,0ef6cae44e42874c1338df6f03db23d8728cd4fa88618d9c75e61b8d2ba0b72f,new_paired_wall_clock_run,237.00844137498643,2442.4101949430365,True
539,240.0,True,656.3098199079888,4.612363958964124,1000,4.284700061242796,73,,64.96317356570702,87.35685620913634,C2-Lex-HALNS,0.635,2138,238.00092925096396,equal_wall_clock_240s,233.38856529199984,2026080501,run_solutions/equal_wall_clock_240s__c2_lex_halns__seed_2026080501.json,be5b00c5e21477ce5aafa798a5d3920506d018b92f7da6d50efdf1881de6dad3,new_paired_wall_clock_run,231.8908916679793,2363.117202269539,True
790,240.0,True,653.696469227112,4.612363958964124,1878,8.045863542909844,72,,85.28236351560423,99.70412716404383,C2-Lex-ALNS-Core,0.64,0,238.0242270839517,equal_wall_clock_240s,233.41186312498758,2026080501,run_solutions/equal_wall_clock_240s__c2_lex_alns_core__seed_2026080501.json,5f1841be249c7537da0d4fffb9f5139c85f8383c6a7bab5c9146a64b8a7bc145,new_paired_wall_clock_run,226.7278215009719,2389.2538998640234,True
803,240.0,True,631.4169426773058,4.612363958964124,1776,7.6090785781541035,67,,62.46180128300253,85.54062750784914,C2-Lex-ALNS-Core,0.665,0,238.01776012597838,equal_wall_clock_240s,233.40539616701426,2026080502,run_solutions/equal_wall_clock_240s__c2_lex_alns_core__seed_2026080502.json,2d8defcfabd913b56615c6e2691ad5f7778c977788993f5a9052f610e80bec04,new_paired_wall_clock_run,234.75370654196013,2161.865122023424,True
544,240.0,True,666.905082998721,4.612363958964124,1051,4.501717329393701,70,,74.39028844670948,91.25125960203854,C2-Lex-HALNS,0.65,1979,238.07882200099993,equal_wall_clock_240s,233.4664580420358,2026080502,run_solutions/equal_wall_clock_240s__c2_lex_halns__seed_2026080502.json,e0e96a1bb0dce1c07cb19251609fb645c7029ec7f704a3bded8962668dd0abb4,new_paired_wall_clock_run,230.4601912929793,2520.6781798524476,True
