solution_label,task_id,deadline_min,direct_completion_min,latest_pickup_min,solution_pickup_min,solution_delivery_min,category
best_alns_400iter,1,30.0,13.318547286285375,26.095128082592463,83.71089619026995,88.22793683915506,scheduling_failure
best_alns_400iter,2,43.0,9.75268820791451,36.048590159871736,63.93328312548495,71.79316175186257,scheduling_failure
best_alns_400iter,3,34.8,17.387742075672712,26.160005429814234,80.26021733272722,90.16981118876123,scheduling_failure
best_alns_400iter,4,27.9,7.136344269809599,25.066296320500346,5.100487045746039,8.23575483802463,on_time
best_alns_400iter,5,35.0,9.30227164927708,31.96333109728911,40.0067093686838,43.12633184592223,scheduling_failure
best_alns_400iter,6,24.8,11.412726514666286,21.086078908142607,20.751525847414868,24.62063398578445,on_time
best_alns_400iter,7,54.7,13.696366503235534,47.3241468373792,46.58190437844222,54.46446473131016,on_time
best_alns_400iter,8,39.6,14.449690755151355,33.32679615987548,48.88708032652422,55.806820506674974,scheduling_failure
best_alns_400iter,9,28.4,8.667963202909007,25.107265761493633,20.97179288152259,25.31522824878224,on_time
best_alns_400iter,10,26.9,9.337886899251748,24.75624651315836,23.223705383449897,26.386118529484637,on_time
best_alns_400iter,11,42.1,12.174549713317514,41.14871756475538,22.335365697258148,23.28664813250277,on_time
best_alns_400iter,12,35.9,14.125500560795754,30.24572160240311,56.91885969570107,63.028530002508184,scheduling_failure
best_alns_400iter,13,29.2,8.727464831679153,25.713447349785746,37.356987591585565,40.84354024179982,scheduling_failure
best_alns_400iter,14,49.5,7.862077188049531,47.41143619550848,9.350188648024766,11.438752452516287,on_time
best_alns_400iter,15,48.5,15.258934178592634,40.84225156386611,12.806123897427453,23.618407303994168,on_time
best_alns_400iter,16,31.3,15.841065956487942,25.282689579940385,14.369720205401366,28.54088791544641,on_time
best_alns_400iter,17,37.2,15.835975575364568,31.195392715424656,63.28609463492776,74.48145841583334,scheduling_failure
best_alns_400iter,18,36.6,10.418371158195585,33.88688598574977,8.564517521120809,12.538524253816277,on_time
best_alns_400iter,19,47.2,12.08851219222583,42.07397104577957,27.9661052195576,33.199036686814125,on_time
best_alns_400iter,20,26.3,11.06884378884259,22.398227689819173,30.35180397689621,35.66769076402463,scheduling_failure
best_alns_400iter,21,47.9,8.617456346713809,45.48796740598973,13.767405821246392,16.179438415256662,on_time
best_alns_400iter,22,23.8,9.453872488467653,19.621202843040557,6.095920991930758,12.862044878538098,on_time
best_alns_400iter,23,42.2,11.194316721676751,35.12096644665512,31.26260785124924,41.03638060402928,on_time
best_alns_400iter,24,44.3,16.160245891124223,38.93337934227221,65.73462905541709,71.10124971314487,scheduling_failure
best_alns_400iter,25,37.0,18.14365440186684,29.80377327953422,81.51544629774796,93.90293994682304,scheduling_failure
best_alns_400iter,26,43.2,15.851370596616174,36.04182242656418,65.55945084382238,73.32204132256678,scheduling_failure
best_alns_400iter,27,48.0,7.676189999026545,45.51983174605003,41.64517447396818,46.99013732993681,on_time
best_alns_400iter,28,50.6,9.481600880295323,47.41012403971952,32.45461638686613,38.11871444854368,on_time
best_alns_400iter,29,33.3,12.773451505110696,29.65696165336381,66.63540750364783,70.27844585028402,scheduling_failure
best_alns_400iter,30,32.0,11.676977243274683,26.343614992062097,53.812953773038934,61.80075073578884,scheduling_failure
best_alns_400iter,31,56.5,14.957438682092242,50.24561881953,46.02487444357983,54.2518603031431,on_time
best_alns_400iter,32,46.1,12.272614695853004,40.83056800212329,71.36869839963335,77.17887634727593,scheduling_failure
best_alns_400iter,33,24.1,9.420944408070884,21.899551112013285,19.85146263877782,22.05191152676454,on_time
best_alns_400iter,34,43.6,13.918782226042024,38.10553589487846,91.01454798026116,97.71640490036565,scheduling_failure
best_alns_400iter,35,39.9,8.57868076269861,37.81937212705419,8.174635142278401,10.255263015224212,on_time
best_alns_400iter,36,25.6,9.47039040487065,23.071520243991817,7.638894400030403,10.167374156038587,on_time
best_alns_400iter,37,31.5,11.735310016459826,24.02420366354209,74.87804882244612,82.3540324532497,scheduling_failure
best_alns_400iter,38,31.4,12.109726873952011,29.023936235631357,22.81981564292698,25.669150861773954,on_time
best_alns_400iter,39,37.1,14.899788256329003,30.4942598848323,56.26060704935141,62.98691881230917,scheduling_failure
best_alns_400iter,40,47.6,12.209456878393645,43.15243165341657,38.01550766683179,46.273985886011374,on_time
best_alns_400iter,41,43.9,13.702472947386859,36.548205056662084,71.50878424356007,85.5430558033808,scheduling_failure
best_alns_400iter,42,24.2,7.3784853218957185,19.05694763255117,2.2354329544468916,8.03234349255767,on_time
best_alns_400iter,43,45.5,12.148067081177345,41.77963562119097,42.20633373391442,47.1268021488973,scheduling_failure
best_alns_400iter,44,46.9,9.392901380713575,42.199356492700595,72.30947064786652,80.11363456089902,scheduling_failure
best_alns_400iter,45,32.9,12.976358447268998,28.250335203904545,25.306509546771196,30.948382072101385,on_time
best_alns_400iter,46,41.4,10.503080775420955,40.08226719207329,34.707616701493116,36.049832643033085,on_time
best_alns_400iter,47,28.4,10.54226728056467,26.709321124007165,18.522578147772272,20.213257023765106,on_time
best_alns_400iter,48,30.9,13.62623319001967,24.77228518215078,21.705369772698653,30.719220834202247,on_time
best_alns_400iter,49,29.0,16.538489032128084,24.451156706519562,75.5382332684367,80.0904630743295,scheduling_failure
best_alns_400iter,50,51.2,13.621897150473695,47.02254729397075,72.5056833447342,76.68313605076345,scheduling_failure
best_alns_400iter,51,26.8,9.700937663199486,22.433969511991215,64.12807694983287,71.45159079134473,scheduling_failure
best_alns_400iter,52,28.0,13.042558736661379,24.95821283851048,11.489643062777454,14.75234595010716,on_time
best_alns_400iter,53,54.1,15.813113973466871,48.8909267192288,46.83706434907801,53.058656203602176,on_time
best_alns_400iter,54,32.9,12.12554226860832,30.260672551062285,27.454129425012148,32.5258704629636,on_time
best_alns_400iter,55,38.7,11.39606096923056,37.78483287635672,35.168933594563484,36.08410071820677,on_time
best_alns_400iter,56,46.1,10.253419248413843,44.71935781626586,36.67636128098115,38.05700346471529,on_time
best_alns_400iter,57,42.6,13.291461236080135,38.17168203490309,31.060803995841233,35.975585548392395,on_time
best_alns_400iter,58,38.8,9.114719657413044,34.61817571854248,53.96800409096262,58.28396962465823,scheduling_failure
best_alns_400iter,59,24.4,8.599350234261696,17.74166261067198,1.941012844933678,14.120526545396352,on_time
best_alns_400iter,60,26.0,11.436331825472248,23.35112416110597,16.022243681742626,18.671119520636655,on_time
best_alns_400iter,61,43.1,9.345743123026308,39.21206360871014,35.25422329936351,39.656043562413274,on_time
best_alns_400iter,62,35.7,15.62098129673095,30.174916904708446,70.64789205451935,78.15876314825546,scheduling_failure
best_alns_400iter,63,49.5,12.429522888765202,41.90954140197082,36.08830172470791,44.44538280155162,on_time
best_alns_400iter,64,31.8,12.318444701050073,27.287575451196776,92.29714757810729,96.80957212691051,scheduling_failure
best_alns_400iter,65,52.7,12.052523479265604,49.21281003856107,35.14373649448074,38.85414914824914,on_time
best_alns_400iter,66,29.6,10.178980269018604,28.161679649000696,27.70099714894546,29.139317499944767,on_time
best_alns_400iter,67,27.0,13.653958032619936,21.348364161207748,88.8613230202242,96.27002389543007,scheduling_failure
best_alns_400iter,68,28.8,13.846001258466154,22.851818412528846,69.25346849939456,75.28163989052113,scheduling_failure
best_alns_400iter,69,33.3,9.371281093480997,30.804126862989747,17.852805304831897,20.348678441842146,on_time
best_alns_400iter,70,44.1,13.331955409033299,39.22261454374489,85.45720899021885,91.54107837350888,scheduling_failure
best_alns_400iter,71,28.9,14.792470557619271,23.365852357999763,58.00335435767362,63.53888864789066,scheduling_failure
best_alns_400iter,72,42.6,13.366412566873528,35.486102976272605,64.60149666709113,72.7741897495111,scheduling_failure
best_alns_400iter,73,48.6,8.308958187390411,47.66871918809777,28.49375263087249,30.547820757009163,on_time
best_alns_400iter,74,30.8,16.72113228658485,23.600960283516546,76.78026871098695,88.2995986247621,scheduling_failure
best_alns_400iter,75,21.6,7.4443365812490345,16.433034656183814,58.66808729281997,67.70617272951515,scheduling_failure
best_alns_400iter,76,31.2,10.78696887514834,28.888194548746704,24.21573058266094,26.873763754381436,on_time
best_alns_400iter,77,45.1,11.04890945365296,40.893523511958676,28.088831453081905,38.167844682289655,on_time
best_alns_400iter,78,50.4,14.141899510838886,44.319998375568765,69.25671142770608,78.15742671189459,scheduling_failure
best_alns_400iter,79,37.6,15.39192578835741,32.02221115538946,16.70282460950307,23.54233857934975,on_time
best_alns_400iter,80,50.0,15.42178028705532,46.00109582911753,77.5510126989936,82.09905727419985,scheduling_failure
best_alns_400iter,81,33.1,11.543038254213846,29.911808051381698,25.949372001183796,29.365058404311927,on_time
best_alns_400iter,82,31.8,17.041425586494224,23.832434577273176,62.49578304845873,72.51765392879422,scheduling_failure
best_alns_400iter,83,45.9,14.94183202713103,40.189094253584244,35.32275494752273,43.55506737986775,on_time
best_alns_400iter,84,43.4,8.812964987195391,40.300577512973355,37.75678221919798,40.856204706224624,on_time
best_alns_400iter,85,29.9,16.179092668068098,23.989672148802406,73.36953044972641,84.00169324141736,scheduling_failure
best_alns_400iter,86,25.3,9.763308965467917,22.585953319724208,59.48525494453569,62.19930162481148,scheduling_failure
best_alns_400iter,87,28.2,13.703850251106813,21.87219539562803,10.913844271930891,21.17242083379596,on_time
best_alns_400iter,88,26.2,11.787542255632916,21.19007158573604,65.17938127259983,70.18930968686378,scheduling_failure
best_alns_400iter,89,50.6,14.268230147049705,45.29646053430376,43.95221966774779,49.945287665992595,on_time
best_alns_400iter,90,31.7,17.18264228736812,26.720721952276293,23.999926081200726,29.95570917280511,on_time
best_alns_400iter,91,28.2,12.847990633220085,24.350068142337843,49.7652221312303,53.61515398889246,scheduling_failure
best_alns_400iter,92,21.0,5.4808161556669415,20.607162899340807,6.066591757965453,6.459428858624646,on_time
best_alns_400iter,93,52.3,11.394749989313782,47.3844665461618,80.12593194793172,85.04146540176991,scheduling_failure
best_alns_400iter,94,50.0,9.097943263463637,46.12598080911335,9.86227122452541,13.74045533969598,on_time
best_alns_400iter,95,37.2,9.394017578622954,36.545858398687336,24.819692623871624,25.47431514948531,on_time
best_alns_400iter,96,44.4,16.750278067351566,36.6430596588094,67.1200269955243,75.46746377874322,scheduling_failure
best_alns_400iter,97,39.9,10.336816513523798,38.432954594355635,13.64904003123548,17.04865057562641,on_time
best_alns_400iter,98,55.5,16.78127768430205,46.97230365583579,79.02345465567123,87.94161947299884,scheduling_failure
best_alns_400iter,99,37.1,11.173427010526277,33.468366010719315,31.12602572728728,35.85740154894215,on_time
best_alns_400iter,100,52.1,10.559552965984494,48.38519810939806,28.119387031346932,33.35208646463769,on_time
best_alns_400iter,101,44.7,12.126057235905382,40.981361592607016,15.019936940746987,18.88659091507109,on_time
best_alns_400iter,102,47.4,13.67988028378703,42.25790790522854,71.3390378749119,81.95500275207802,scheduling_failure
best_alns_400iter,103,25.0,11.598921315181249,20.723376779182026,16.734353979162723,21.578096398974203,on_time
best_alns_400iter,104,28.5,11.97950748034207,20.772144340994732,102.71327985281415,110.44113551181943,scheduling_failure
best_alns_400iter,105,48.8,11.655090193597498,44.18048957754072,41.68925545921202,46.942963362610946,on_time
best_alns_400iter,106,47.6,9.611018595990478,44.42272731286799,31.267943355499806,34.44521604263181,on_time
best_alns_400iter,107,50.4,15.328385176071206,46.65896957483967,39.423880291016765,43.1649107161771,on_time
best_alns_400iter,108,33.6,17.702523422191,27.348639654216093,20.04442432330851,26.3971982186478,on_time
best_alns_400iter,109,46.5,15.997884103068555,40.83246194063763,78.03328345910951,83.70082151847188,scheduling_failure
best_alns_400iter,110,43.5,8.371468380036914,39.50639399929226,13.279667146354246,17.645329578841373,on_time
best_alns_400iter,111,49.9,11.583366391391072,47.62019060792409,84.42876631653593,86.70857570861183,scheduling_failure
best_alns_400iter,112,41.0,10.402745130699762,35.35768850449165,62.810823462665596,68.4692884999015,scheduling_failure
best_alns_400iter,113,34.3,11.830341217480507,29.615839667059703,58.86482735305224,63.555341984336174,scheduling_failure
best_alns_400iter,114,33.7,11.212178931579517,29.548352996760666,48.522253312721126,57.37432414190837,scheduling_failure
best_alns_400iter,115,48.3,10.399064645019001,46.73968980608515,26.10952287467334,27.66983306858818,on_time
best_alns_400iter,116,31.2,11.477848589124237,28.5163273736478,14.612872161582807,17.485428682967086,on_time
best_alns_400iter,117,46.0,14.980884616724602,40.926320642549214,39.71324806164997,45.06162987431435,on_time
best_alns_400iter,118,20.9,4.388102265299231,19.940769341195704,3.4863093477555096,4.445540006559805,on_time
best_alns_400iter,119,47.7,8.804865015163161,45.37597093152622,52.103036050746866,55.43618512733231,scheduling_failure
best_alns_400iter,120,25.5,12.29107627025043,21.12915099921602,39.93182619088415,45.96148664268813,scheduling_failure
best_alns_400iter,121,21.2,5.554938714135205,19.72071922714507,4.996907780665685,6.476188553520613,on_time
best_alns_400iter,122,40.6,7.8573561394650895,38.16851922371735,34.4178800234962,38.3940708923972,on_time
best_alns_400iter,123,52.9,14.694357104775767,45.67561570823771,56.82183424598704,67.6439141347877,scheduling_failure
best_alns_400iter,124,50.5,16.08542032430854,42.84346885751763,56.018870584480176,64.38850630580569,scheduling_failure
best_alns_400iter,125,36.9,6.318822771778489,34.32365940446579,4.288365176784844,6.864705772319047,on_time
best_alns_400iter,126,30.2,10.59675356716071,25.769062189948585,50.695105533611105,55.126043343662516,scheduling_failure
best_alns_400iter,127,28.9,13.70409216217903,25.66237398357651,22.083290602074687,25.324527252456825,on_time
best_alns_400iter,128,32.9,9.57506939563291,30.30194754802566,26.963575705492914,29.561628157467254,on_time
best_alns_400iter,129,20.9,5.316374258542644,19.41044790890054,3.8268221674431864,5.3850703451875,on_time
best_alns_400iter,130,39.1,12.102730983616059,36.86669430641758,19.440831503232943,26.59117440994781,on_time
best_alns_400iter,131,34.7,9.796906626361018,30.486324439590177,8.82233426004627,15.487754194151261,on_time
best_alns_400iter,132,36.4,7.2863949706724105,33.04389261343987,29.24999968814014,35.07166139365172,on_time
best_alns_400iter,133,30.8,15.75521115652836,24.65112677189482,84.02398514146118,91.20424244539385,scheduling_failure
best_alns_400iter,134,24.8,4.256801985915299,24.341069412709704,3.8237479187092456,4.282678505999543,on_time
best_alns_400iter,135,35.7,11.441973463453786,32.71142091651039,9.83280681869042,12.821981492971608,on_time
best_alns_400iter,136,55.0,17.059830028439446,46.91632494040391,89.18827915589787,97.27195421549396,scheduling_failure
best_alns_400iter,137,53.9,14.04226364635106,47.95090524574858,46.50709400299851,52.67348237729072,on_time
best_alns_400iter,138,28.0,10.430312023036322,25.34825936504685,52.061217838240054,54.71344293523232,scheduling_failure
best_alns_400iter,139,23.2,7.7347131075627615,21.188674044624932,16.828559378322375,18.839885333697442,on_time
best_alns_400iter,140,34.3,7.816696237933196,33.2321765531792,19.71533936052376,21.67488390288907,on_time
best_alns_400iter,141,21.0,7.121502530787958,19.346981810202177,6.960538737903743,11.791210866705224,on_time
best_alns_400iter,142,43.5,11.024750429785874,42.00185299638372,18.790830881654173,20.288977885270455,on_time
best_alns_400iter,143,34.2,11.735575772128307,31.53692371332664,27.338223199671805,31.23651638744707,on_time
best_alns_400iter,144,50.7,16.760201778298345,45.204086815788024,41.20304727069595,47.028632813008215,on_time
best_alns_400iter,145,46.1,16.83775921636076,38.04337938075342,81.56924301855948,91.45017792455212,scheduling_failure
best_alns_400iter,146,25.5,8.560955539990937,24.904440298521894,12.031402912653824,12.62696261413193,on_time
best_alns_400iter,147,35.1,12.329197692319534,30.589148885434394,73.90298269932818,78.41383381389379,scheduling_failure
best_alns_400iter,148,32.9,9.547648231251406,32.31331649855804,14.614065041274415,15.200748542716374,on_time
best_alns_400iter,149,27.5,8.55243488376118,24.79011867600748,13.471159231804434,16.181040555796955,on_time
best_alns_400iter,150,44.7,14.013278480796851,39.77518252515956,70.80705056857703,80.5967545150175,scheduling_failure
best_alns_400iter,151,31.0,14.820247409347248,24.841346547687635,54.86998223333004,62.183333092335104,scheduling_failure
best_alns_400iter,152,48.0,12.345655571295925,45.0528733390715,42.90530264264306,45.852429303571554,on_time
best_alns_400iter,153,20.7,7.660330634136773,17.249592974448476,4.503909152558354,7.954316178109877,on_time
best_alns_400iter,154,49.6,13.020592307871947,45.54406394479023,11.439815696542256,17.90124781937648,on_time
best_alns_400iter,155,47.4,11.449725545654674,43.89746123821909,56.16543177986518,60.027635314959845,scheduling_failure
best_alns_400iter,156,40.8,9.549231524169981,34.92962028275075,5.240974510075159,13.96725864370637,on_time
best_alns_400iter,157,29.6,12.18691092715172,25.82968056499515,22.53290843391817,26.303227868923024,on_time
best_alns_400iter,158,54.4,13.992525131403667,50.34406394479022,43.88654368853834,50.104847074082436,on_time
best_alns_400iter,159,21.4,8.867367027034852,18.64827775590595,47.54091921371225,52.56796247161745,scheduling_failure
best_alns_400iter,160,54.2,14.48701279341979,51.204282892585766,36.232341430030395,42.06578806012916,on_time
best_alns_400iter,161,35.4,10.67800164141602,31.72176907793306,80.7491143076791,84.42734522974602,scheduling_failure
best_alns_400iter,162,30.3,14.849993238872205,26.26821272362054,73.95280580339342,79.45092234405581,scheduling_failure
best_alns_400iter,163,56.4,18.344070300280965,49.6801381554472,47.056274907357455,55.95168618769679,on_time
best_alns_400iter,164,34.0,11.967251813114865,29.719236251367644,8.292546122078447,12.728014186918406,on_time
best_alns_400iter,165,40.3,12.215588103265409,35.528466612901305,83.30488962308543,88.07642301018413,scheduling_failure
best_alns_400iter,166,40.1,14.494581596123824,34.70364777984696,58.23000961277965,63.62636183293269,scheduling_failure
best_alns_400iter,167,34.6,7.692435925527956,32.35017147429816,27.16288614154012,30.101722705772886,on_time
best_alns_400iter,168,42.9,11.945682023943062,40.26413623687077,28.406535878703497,31.884474537503127,on_time
best_alns_400iter,169,25.5,9.038552398158043,22.84407255044797,6.382624948606011,9.330835396553686,on_time
best_alns_400iter,170,40.1,10.258553360648383,34.525277507875614,62.54044931650764,70.45352699135783,scheduling_failure
best_alns_400iter,171,26.9,8.737022502159897,25.296916551389206,7.181157553442943,8.784241002053736,on_time
best_alns_400iter,172,21.6,7.590899145926253,16.952287168089963,2.943186314016214,7.869447616197118,on_time
best_alns_400iter,173,34.5,10.472905841870437,32.54242528484043,15.54158991272033,17.499164627879907,on_time
best_alns_400iter,174,52.6,12.168234239369692,46.371223689922104,34.46471955520084,50.35975972563974,on_time
best_alns_400iter,175,20.3,7.5103522511215095,17.93471610557325,11.027324421260852,16.477834059593498,on_time
best_alns_400iter,176,32.4,13.701686402415563,25.76835122823149,56.323815623303055,64.49429958308323,scheduling_failure
best_alns_400iter,177,47.7,11.678006651948872,42.992336166904856,52.20628690969897,57.74854634454439,scheduling_failure
best_alns_400iter,178,30.3,11.000003222341912,25.974751131116527,56.844024508223924,61.1692733771074,scheduling_failure
best_alns_400iter,179,46.0,13.941776126437677,42.337274845752745,39.38407208054158,44.65838845732996,on_time
best_alns_400iter,180,24.7,10.134963453557718,18.897999493576098,48.85635931558073,56.29693516373856,scheduling_failure
best_alns_400iter,181,32.0,7.363718463393457,27.672625179221683,3.0363436426151407,8.00735111245106,on_time
best_alns_400iter,182,40.5,17.080677473303517,34.40308720096701,82.88084443507769,89.07528773827845,scheduling_failure
best_alns_400iter,183,36.2,7.668680587918329,35.06813821024336,22.56626928600603,24.04697798579846,on_time
best_alns_400iter,184,27.2,11.050610382981143,21.789425077900287,13.252860535089006,19.376924843491818,on_time
best_alns_400iter,185,36.5,11.70946425092306,34.058461323036,17.133360659673226,20.59439626423138,on_time
best_alns_400iter,186,28.1,8.37886879564192,23.17094780352698,3.449816599168894,10.404572539085164,on_time
best_alns_400iter,187,32.1,14.903518957108798,25.1084972208322,56.87171816046252,64.49557365755396,scheduling_failure
best_alns_400iter,188,37.8,8.516007443295928,32.752546174212505,50.53453668644074,55.58199051222823,scheduling_failure
best_alns_400iter,189,28.1,9.952379844413283,24.466394845370086,6.3187746897833685,12.591381307776611,on_time
best_alns_400iter,190,41.4,11.466182063594559,32.420324732974215,94.60348811679245,103.58316338381823,scheduling_failure
best_alns_400iter,191,36.9,12.364700366290018,33.07537220402066,21.569404435541987,25.453061441534583,on_time
best_alns_400iter,192,44.5,10.35960092870297,40.71187691023511,44.50599006088834,48.438891584076856,scheduling_failure
best_alns_400iter,193,28.8,8.144406339138785,26.715459608936467,61.6642910439721,63.74883143503563,scheduling_failure
best_alns_400iter,194,35.3,9.014443628942956,34.02681986572166,30.805265865361964,32.872281856404186,on_time
best_alns_400iter,195,29.1,16.134143746301934,23.452537989459884,12.981019981632718,21.177387356231243,on_time
best_alns_400iter,196,38.3,8.373198904091621,36.480896978599304,33.15734250018504,34.97644552158573,on_time
best_alns_400iter,197,47.6,13.713445476323278,41.90779176699401,41.289611242692274,47.006167467003074,on_time
best_alns_400iter,198,48.2,11.631290293422675,44.72257722791685,29.399768192290097,34.04190392759201,on_time
best_alns_400iter,199,36.8,13.986211841460378,32.62053816448004,21.69613450923054,27.50430210372168,on_time
best_alns_400iter,200,34.3,8.881289001616345,33.862131988994705,32.89396361734684,33.85553138726921,on_time
best_a2_240s_seed0,1,30.0,13.318547286285375,26.095128082592463,23.937906664301394,27.84277858170893,on_time
best_a2_240s_seed0,2,43.0,9.75268820791451,36.048590159871736,62.53588395697138,69.63651248663102,scheduling_failure
best_a2_240s_seed0,3,34.8,17.387742075672712,26.160005429814234,79.71140763884956,88.76028975602826,scheduling_failure
best_a2_240s_seed0,4,27.9,7.136344269809599,25.066296320500346,4.302640590309945,7.199938094681595,on_time
best_a2_240s_seed0,5,35.0,9.30227164927708,31.96333109728911,29.650369618117594,32.912792894935485,on_time
best_a2_240s_seed0,6,24.8,11.412726514666286,21.086078908142607,12.917702386154001,16.6330437560129,on_time
best_a2_240s_seed0,7,54.7,13.696366503235534,47.3241468373792,44.104615854019464,51.61510030329114,on_time
best_a2_240s_seed0,8,39.6,14.449690755151355,33.32679615987548,71.12103589366836,77.39423973379289,scheduling_failure
best_a2_240s_seed0,9,28.4,8.667963202909007,25.107265761493633,51.843110120796595,55.49061943220703,scheduling_failure
best_a2_240s_seed0,10,26.9,9.337886899251748,24.75624651315836,21.251554602198162,23.3953080890398,on_time
best_a2_240s_seed0,11,42.1,12.174549713317514,41.14871756475538,36.02862771486029,37.083535842849614,on_time
best_a2_240s_seed0,12,35.9,14.125500560795754,30.24572160240311,71.82826763736917,77.48254603496606,scheduling_failure
best_a2_240s_seed0,13,29.2,8.727464831679153,25.713447349785746,11.381449326316986,16.070424464365523,on_time
best_a2_240s_seed0,14,49.5,7.862077188049531,47.41143619550848,9.346175326527597,11.65092480440652,on_time
best_a2_240s_seed0,15,48.5,15.258934178592634,40.84225156386611,78.18717363568999,88.45881643518622,scheduling_failure
best_a2_240s_seed0,16,31.3,15.841065956487942,25.282689579940385,86.31607178171325,92.33338220177286,scheduling_failure
best_a2_240s_seed0,17,37.2,15.835975575364568,31.195392715424656,69.80465410830237,79.99835223690013,scheduling_failure
best_a2_240s_seed0,18,36.6,10.418371158195585,33.88688598574977,30.42037102530659,33.173007027395954,on_time
best_a2_240s_seed0,19,47.2,12.08851219222583,42.07397104577957,41.10466218821041,46.66189555978657,on_time
best_a2_240s_seed0,20,26.3,11.06884378884259,22.398227689819173,38.24178761558034,42.275757934533615,scheduling_failure
best_a2_240s_seed0,21,47.9,8.617456346713809,45.48796740598973,35.67108535771397,40.46432541446967,on_time
best_a2_240s_seed0,22,23.8,9.453872488467653,19.621202843040557,53.18313440754797,60.63239918679594,scheduling_failure
best_a2_240s_seed0,23,42.2,11.194316721676751,35.12096644665512,77.67837711191959,84.75741066526447,scheduling_failure
best_a2_240s_seed0,24,44.3,16.160245891124223,38.93337934227221,37.96356109501255,43.33018175274034,on_time
best_a2_240s_seed0,25,37.0,18.14365440186684,29.80377327953422,82.39351723022939,90.66243257103469,scheduling_failure
best_a2_240s_seed0,26,43.2,15.851370596616174,36.04182242656418,83.09000768496406,90.37564814228482,scheduling_failure
best_a2_240s_seed0,27,48.0,7.676189999026545,45.51983174605003,34.14006324289282,37.285086833493544,on_time
best_a2_240s_seed0,28,50.6,9.481600880295323,47.41012403971952,40.56676479732848,49.717927550564866,on_time
best_a2_240s_seed0,29,33.3,12.773451505110696,29.65696165336381,18.834743116608035,25.31467012296773,on_time
best_a2_240s_seed0,30,32.0,11.676977243274683,26.343614992062097,54.30177950667328,59.958164514611184,scheduling_failure
best_a2_240s_seed0,31,56.5,14.957438682092242,50.24561881953,45.399991135980855,51.65986098188026,on_time
best_a2_240s_seed0,32,46.1,12.272614695853004,40.83056800212329,35.13899322008874,40.452687290764935,on_time
best_a2_240s_seed0,33,24.1,9.420944408070884,21.899551112013285,12.613591794907357,15.006713353123246,on_time
best_a2_240s_seed0,34,43.6,13.918782226042024,38.10553589487846,64.59268252540247,70.10606625701212,scheduling_failure
best_a2_240s_seed0,35,39.9,8.57868076269861,37.81937212705419,28.56670869898545,30.682028955134577,on_time
best_a2_240s_seed0,36,25.6,9.47039040487065,23.071520243991817,19.386380676466125,25.58571360640136,on_time
best_a2_240s_seed0,37,31.5,11.735310016459826,24.02420366354209,64.06262052455118,71.83932276516272,scheduling_failure
best_a2_240s_seed0,38,31.4,12.109726873952011,29.023936235631357,20.58769938636701,22.96376315073565,on_time
best_a2_240s_seed0,39,37.1,14.899788256329003,30.4942598848323,19.43701028078849,29.386480631729967,on_time
best_a2_240s_seed0,40,47.6,12.209456878393645,43.15243165341657,30.6012468097077,35.19522924961818,on_time
best_a2_240s_seed0,41,43.9,13.702472947386859,36.548205056662084,79.73512544424409,87.086920387582,scheduling_failure
best_a2_240s_seed0,42,24.2,7.3784853218957185,19.05694763255117,2.468059121628408,7.611111489077235,on_time
best_a2_240s_seed0,43,45.5,12.148067081177345,41.77963562119097,37.54206350411894,41.26242788292797,on_time
best_a2_240s_seed0,44,46.9,9.392901380713575,42.199356492700595,36.36964994798039,44.38970203440141,on_time
best_a2_240s_seed0,45,32.9,12.976358447268998,28.250335203904545,49.7828708526704,54.43927979506006,scheduling_failure
best_a2_240s_seed0,46,41.4,10.503080775420955,40.08226719207329,26.725204296425296,28.04293710435201,on_time
best_a2_240s_seed0,47,28.4,10.54226728056467,26.709321124007165,21.70042421039723,24.781622948808295,on_time
best_a2_240s_seed0,48,30.9,13.62623319001967,24.77228518215078,13.717779542927099,20.60602442125291,on_time
best_a2_240s_seed0,49,29.0,16.538489032128084,24.451156706519562,62.74211768079934,67.29177310646718,scheduling_failure
best_a2_240s_seed0,50,51.2,13.621897150473695,47.02254729397075,55.74423907894782,59.92169178497707,scheduling_failure
best_a2_240s_seed0,51,26.8,9.700937663199486,22.433969511991215,5.376056736183587,11.34294072492129,on_time
best_a2_240s_seed0,52,28.0,13.042558736661379,24.95821283851048,10.218298569911603,13.613923546768564,on_time
best_a2_240s_seed0,53,54.1,15.813113973466871,48.8909267192288,47.490292416701514,53.231415544113965,on_time
best_a2_240s_seed0,54,32.9,12.12554226860832,30.260672551062285,12.563056767555176,18.81671689755998,on_time
best_a2_240s_seed0,55,38.7,11.39606096923056,37.78483287635672,24.26027500341574,25.17544212705903,on_time
best_a2_240s_seed0,56,46.1,10.253419248413843,44.71935781626586,38.3512941793328,39.731936363066936,on_time
best_a2_240s_seed0,57,42.6,13.291461236080135,38.17168203490309,64.14990788439866,68.58287110970166,scheduling_failure
best_a2_240s_seed0,58,38.8,9.114719657413044,34.61817571854248,4.9556804347444094,9.352282744856812,on_time
best_a2_240s_seed0,59,24.4,8.599350234261696,17.74166261067198,1.941012844933678,11.471093329635456,on_time
best_a2_240s_seed0,60,26.0,11.436331825472248,23.35112416110597,54.51486228251261,57.16373812140664,scheduling_failure
best_a2_240s_seed0,61,43.1,9.345743123026308,39.21206360871014,38.88755406703309,42.775490458322956,on_time
best_a2_240s_seed0,62,35.7,15.62098129673095,30.174916904708446,60.20515417224222,67.5515228651941,scheduling_failure
best_a2_240s_seed0,63,49.5,12.429522888765202,41.90954140197082,73.73444617788492,87.71661839942591,scheduling_failure
best_a2_240s_seed0,64,31.8,12.318444701050073,27.287575451196776,62.81172373706356,70.18148828182166,scheduling_failure
best_a2_240s_seed0,65,52.7,12.052523479265604,49.21281003856107,29.795118396631157,39.59626637198524,on_time
best_a2_240s_seed0,66,29.6,10.178980269018604,28.161679649000696,22.2901510774957,23.728471428495006,on_time
best_a2_240s_seed0,67,27.0,13.653958032619936,21.348364161207748,95.70404949763352,101.35568533642576,scheduling_failure
best_a2_240s_seed0,68,28.8,13.846001258466154,22.851818412528846,69.78960515717512,75.9774029643865,scheduling_failure
best_a2_240s_seed0,69,33.3,9.371281093480997,30.804126862989747,14.59227747590736,18.725330131848263,on_time
best_a2_240s_seed0,70,44.1,13.331955409033299,39.22261454374489,53.24503192541665,59.93555159454889,scheduling_failure
best_a2_240s_seed0,71,28.9,14.792470557619271,23.365852357999763,55.95525762529149,61.88986855337413,scheduling_failure
best_a2_240s_seed0,72,42.6,13.366412566873528,35.486102976272605,61.063315194243316,71.19731444639196,scheduling_failure
best_a2_240s_seed0,73,48.6,8.308958187390411,47.66871918809777,36.172961501470546,37.91199156936577,on_time
best_a2_240s_seed0,74,30.8,16.72113228658485,23.600960283516546,73.00792251131409,81.81959082588712,scheduling_failure
best_a2_240s_seed0,75,21.6,7.4443365812490345,16.433034656183814,2.2773712374328476,11.140430085114971,on_time
best_a2_240s_seed0,76,31.2,10.78696887514834,28.888194548746704,21.18620837933843,23.878614307566032,on_time
best_a2_240s_seed0,77,45.1,11.04890945365296,40.893523511958676,53.70999670856493,60.24668976282071,scheduling_failure
best_a2_240s_seed0,78,50.4,14.141899510838886,44.319998375568765,40.92435363024918,51.37875271054407,scheduling_failure
best_a2_240s_seed0,79,37.6,15.39192578835741,32.02221115538946,62.9507904979436,69.24188051169139,scheduling_failure
best_a2_240s_seed0,80,50.0,15.42178028705532,46.00109582911753,15.593424105572963,20.066574400346376,on_time
best_a2_240s_seed0,81,33.1,11.543038254213846,29.911808051381698,56.02683847718542,59.215030425803725,scheduling_failure
best_a2_240s_seed0,82,31.8,17.041425586494224,23.832434577273176,11.996610328480521,20.073842719939915,on_time
best_a2_240s_seed0,83,45.9,14.94183202713103,40.189094253584244,26.117424100357155,33.91438603708174,on_time
best_a2_240s_seed0,84,43.4,8.812964987195391,40.300577512973355,26.46120424066988,29.97537137209546,on_time
best_a2_240s_seed0,85,29.9,16.179092668068098,23.989672148802406,85.84482463234531,91.7551524835429,scheduling_failure
best_a2_240s_seed0,86,25.3,9.763308965467917,22.585953319724208,17.469657915468044,20.251599780895372,on_time
best_a2_240s_seed0,87,28.2,13.703850251106813,21.87219539562803,53.18947064578005,60.024251791692336,scheduling_failure
best_a2_240s_seed0,88,26.2,11.787542255632916,21.19007158573604,61.672908798675785,66.68283721293975,scheduling_failure
best_a2_240s_seed0,89,50.6,14.268230147049705,45.29646053430376,44.41543645914698,49.725427095469946,on_time
best_a2_240s_seed0,90,31.7,17.18264228736812,26.720721952276293,60.14967272418466,68.52125186649559,scheduling_failure
best_a2_240s_seed0,91,28.2,12.847990633220085,24.350068142337843,67.87799204045307,72.48087623461936,scheduling_failure
best_a2_240s_seed0,92,21.0,5.4808161556669415,20.607162899340807,8.101350129882402,9.042437561899796,on_time
best_a2_240s_seed0,93,52.3,11.394749989313782,47.3844665461618,41.6051557717462,49.085078920754505,on_time
best_a2_240s_seed0,94,50.0,9.097943263463637,46.12598080911335,33.80063950608984,42.95131677181686,on_time
best_a2_240s_seed0,95,37.2,9.394017578622954,36.545858398687336,20.573966161492223,21.22810776280489,on_time
best_a2_240s_seed0,96,44.4,16.750278067351566,36.6430596588094,52.94368798679594,63.20767174718832,scheduling_failure
best_a2_240s_seed0,97,39.9,10.336816513523798,38.432954594355635,26.41208149220288,30.936322025251673,on_time
best_a2_240s_seed0,98,55.5,16.78127768430205,46.97230365583579,45.01440968405934,53.54210602822354,on_time
best_a2_240s_seed0,99,37.1,11.173427010526277,33.468366010719315,30.992977797624928,35.25853883686928,on_time
best_a2_240s_seed0,100,52.1,10.559552965984494,48.38519810939806,47.49866954988717,51.24604139602753,on_time
best_a2_240s_seed0,101,44.7,12.126057235905382,40.981361592607016,34.364872009376576,38.08351041676956,on_time
best_a2_240s_seed0,102,47.4,13.67988028378703,42.25790790522854,23.829841623666546,30.028535211468267,on_time
best_a2_240s_seed0,103,25.0,11.598921315181249,20.723376779182026,10.886629331318591,15.53676833319971,on_time
best_a2_240s_seed0,104,28.5,11.97950748034207,20.772144340994732,80.95841101398602,88.6862666729913,scheduling_failure
best_a2_240s_seed0,105,48.8,11.655090193597498,44.18048957754072,10.187613683932923,15.191607787266175,on_time
best_a2_240s_seed0,106,47.6,9.611018595990478,44.42272731286799,41.96044542035958,45.13771810749159,on_time
best_a2_240s_seed0,107,50.4,15.328385176071206,46.65896957483967,30.42512561808104,34.304542700772394,on_time
best_a2_240s_seed0,108,33.6,17.702523422191,27.348639654216093,81.25947657045207,87.96026151888759,scheduling_failure
best_a2_240s_seed0,109,46.5,15.997884103068555,40.83246194063763,64.51965828946916,70.66449337038672,scheduling_failure
best_a2_240s_seed0,110,43.5,8.371468380036914,39.50639399929226,10.006546566545799,14.310233677848824,on_time
best_a2_240s_seed0,111,49.9,11.583366391391072,47.62019060792409,28.344332409912507,30.984214951703095,on_time
best_a2_240s_seed0,112,41.0,10.402745130699762,35.35768850449165,30.305773432887023,40.319302319451644,on_time
best_a2_240s_seed0,113,34.3,11.830341217480507,29.615839667059703,69.84305385387009,78.00935801679405,scheduling_failure
best_a2_240s_seed0,114,33.7,11.212178931579517,29.548352996760666,23.997442949315232,28.621516926487306,on_time
best_a2_240s_seed0,115,48.3,10.399064645019001,46.73968980608515,32.773219254871755,36.352466995041695,on_time
best_a2_240s_seed0,116,31.2,11.477848589124237,28.5163273736478,17.95715525767435,20.70180951876018,on_time
best_a2_240s_seed0,117,46.0,14.980884616724602,40.926320642549214,54.93951730657724,60.06710440631547,scheduling_failure
best_a2_240s_seed0,118,20.9,4.388102265299231,19.940769341195704,3.4863093477555096,4.445540006559805,on_time
best_a2_240s_seed0,119,47.7,8.804865015163161,45.37597093152622,36.50560303463065,38.82963210310444,on_time
best_a2_240s_seed0,120,25.5,12.29107627025043,21.12915099921602,65.53286150325991,69.90371050404389,scheduling_failure
best_a2_240s_seed0,121,21.2,5.554938714135205,19.72071922714507,4.081150260491268,5.573554037152659,on_time
best_a2_240s_seed0,122,40.6,7.8573561394650895,38.16851922371735,31.105127461015904,35.491318382082675,on_time
best_a2_240s_seed0,123,52.9,14.694357104775767,45.67561570823771,70.2230809172447,79.63268606138529,scheduling_failure
best_a2_240s_seed0,124,50.5,16.08542032430854,42.84346885751763,77.75400298021859,85.41053412270097,scheduling_failure
best_a2_240s_seed0,125,36.9,6.318822771778489,34.32365940446579,3.7424821762442866,6.3205210967873615,on_time
best_a2_240s_seed0,126,30.2,10.59675356716071,25.769062189948585,6.487557723213727,11.130122953506167,on_time
best_a2_240s_seed0,127,28.9,13.70409216217903,25.66237398357651,19.851174345514718,25.47116745472134,on_time
best_a2_240s_seed0,128,32.9,9.57506939563291,30.30194754802566,25.971290896273647,28.681117723870646,on_time
best_a2_240s_seed0,129,20.9,5.316374258542644,19.41044790890054,3.8268221674431864,6.69619263408384,on_time
best_a2_240s_seed0,130,39.1,12.102730983616059,36.86669430641758,29.076562283263716,31.495006768430695,on_time
best_a2_240s_seed0,131,34.7,9.796906626361018,30.486324439590177,12.494880354661403,18.327055769936038,on_time
best_a2_240s_seed0,132,36.4,7.2863949706724105,33.04389261343987,4.147234893773134,7.503342280333262,on_time
best_a2_240s_seed0,133,30.8,15.75521115652836,24.65112677189482,73.31524065989052,79.46411388799571,scheduling_failure
best_a2_240s_seed0,134,24.8,4.256801985915299,24.341069412709704,3.7978713986250017,4.79537953515741,on_time
best_a2_240s_seed0,135,35.7,11.441973463453786,32.71142091651039,9.365258384151588,12.380484464205992,on_time
best_a2_240s_seed0,136,55.0,17.059830028439446,46.91632494040391,44.20056345840467,54.455450175226304,on_time
best_a2_240s_seed0,137,53.9,14.04226364635106,47.95090524574858,46.12562410785889,53.24266913423575,on_time
best_a2_240s_seed0,138,28.0,10.430312023036322,25.34825936504685,15.025569895913057,17.677310530866205,on_time
best_a2_240s_seed0,139,23.2,7.7347131075627615,21.188674044624932,5.742636491278658,8.509810470236093,on_time
best_a2_240s_seed0,140,34.3,7.816696237933196,33.2321765531792,26.198125739940362,27.26594918676116,on_time
best_a2_240s_seed0,141,21.0,7.121502530787958,19.346981810202177,8.541327682620699,10.242248826941315,on_time
best_a2_240s_seed0,142,43.5,11.024750429785874,42.00185299638372,18.240428489038422,20.023839671679973,on_time
best_a2_240s_seed0,143,34.2,11.735575772128307,31.53692371332664,14.152440027482015,16.815516314155378,on_time
best_a2_240s_seed0,144,50.7,16.760201778298345,45.204086815788024,63.7119082907562,69.26258838015235,scheduling_failure
best_a2_240s_seed0,145,46.1,16.83775921636076,38.04337938075342,68.77055305069715,77.89621115592962,scheduling_failure
best_a2_240s_seed0,146,25.5,8.560955539990937,24.904440298521894,12.243575264544058,12.839134966022163,on_time
best_a2_240s_seed0,147,35.1,12.329197692319534,30.589148885434394,45.90330177370083,52.28496505531763,scheduling_failure
best_a2_240s_seed0,148,32.9,9.547648231251406,32.31331649855804,20.583076089565957,21.169759591007917,on_time
best_a2_240s_seed0,149,27.5,8.55243488376118,24.79011867600748,8.318248107133696,13.45449650331223,on_time
best_a2_240s_seed0,150,44.7,14.013278480796851,39.77518252515956,19.842151246143082,27.886209562621655,on_time
best_a2_240s_seed0,151,31.0,14.820247409347248,24.841346547687635,51.20958280127126,58.21191410206753,scheduling_failure
best_a2_240s_seed0,152,48.0,12.345655571295925,45.0528733390715,43.55853071026656,46.505657371195056,on_time
best_a2_240s_seed0,153,20.7,7.660330634136773,17.249592974448476,4.588108386664562,8.038515412216086,on_time
best_a2_240s_seed0,154,49.6,13.020592307871947,45.54406394479023,40.51643116787155,44.57409842779649,on_time
best_a2_240s_seed0,155,47.4,11.449725545654674,43.89746123821909,23.154258484765737,33.60441095435018,on_time
best_a2_240s_seed0,156,40.8,9.549231524169981,34.92962028275075,3.6788518069207337,12.33399534390975,on_time
best_a2_240s_seed0,157,29.6,12.18691092715172,25.82968056499515,24.046170162109657,28.07742538132815,on_time
best_a2_240s_seed0,158,54.4,13.992525131403667,50.34406394479022,47.81841225408784,51.93928534362294,on_time
best_a2_240s_seed0,159,21.4,8.867367027034852,18.64827775590595,8.771281307685143,11.52300355177919,on_time
best_a2_240s_seed0,160,54.2,14.48701279341979,51.204282892585766,25.323682838882654,29.606556588314746,on_time
best_a2_240s_seed0,161,35.4,10.67800164141602,31.72176907793306,60.820849495200555,64.61627901554256,scheduling_failure
best_a2_240s_seed0,162,30.3,14.849993238872205,26.26821272362054,56.38879369752601,60.83858496396396,scheduling_failure
best_a2_240s_seed0,163,56.4,18.344070300280965,49.6801381554472,36.52998390031267,45.01378810438415,on_time
best_a2_240s_seed0,164,34.0,11.967251813114865,29.719236251367644,37.32530806792381,41.96148825400626,scheduling_failure
best_a2_240s_seed0,165,40.3,12.215588103265409,35.528466612901305,8.700057065832935,15.954238661699723,on_time
best_a2_240s_seed0,166,40.1,14.494581596123824,34.70364777984696,61.66200751123724,67.05835973139028,scheduling_failure
best_a2_240s_seed0,167,34.6,7.692435925527956,32.35017147429816,19.15061144760392,21.400439973305765,on_time
best_a2_240s_seed0,168,42.9,11.945682023943062,40.26413623687077,28.310528094991838,30.946391858121068,on_time
best_a2_240s_seed0,169,25.5,9.038552398158043,22.84407255044797,20.766271144606865,23.422198594158896,on_time
best_a2_240s_seed0,170,40.1,10.258553360648383,34.525277507875614,57.75376353602724,63.65299162280249,scheduling_failure
best_a2_240s_seed0,171,26.9,8.737022502159897,25.296916551389206,24.48577324500222,26.088856693613014,on_time
best_a2_240s_seed0,172,21.6,7.590899145926253,16.952287168089963,23.63273346769374,28.579787508263674,scheduling_failure
best_a2_240s_seed0,173,34.5,10.472905841870437,32.54242528484043,12.281062083795794,14.23863679895537,on_time
best_a2_240s_seed0,174,52.6,12.168234239369692,46.371223689922104,43.721483861806874,50.419990001073934,on_time
best_a2_240s_seed0,175,20.3,7.5103522511215095,17.93471610557325,8.024423612063272,10.630109411749364,on_time
best_a2_240s_seed0,176,32.4,13.701686402415563,25.76835122823149,51.69321874827929,61.185537416465536,scheduling_failure
best_a2_240s_seed0,177,47.7,11.678006651948872,42.992336166904856,70.68671559260895,75.3943794257041,scheduling_failure
best_a2_240s_seed0,178,30.3,11.000003222341912,25.974751131116527,57.53508867623038,63.256394749721316,scheduling_failure
best_a2_240s_seed0,179,46.0,13.941776126437677,42.337274845752745,36.57264855782367,44.00645221559895,on_time
best_a2_240s_seed0,180,24.7,10.134963453557718,18.897999493576098,71.26497829898099,77.32655000107033,scheduling_failure
best_a2_240s_seed0,181,32.0,7.363718463393457,27.672625179221683,3.0363436426151407,8.5479507383269,on_time
best_a2_240s_seed0,182,40.5,17.080677473303517,34.40308720096701,72.36613474699071,78.4630475460237,scheduling_failure
best_a2_240s_seed0,183,36.2,7.668680587918329,35.06813821024336,32.097282900581654,33.229144690338295,on_time
best_a2_240s_seed0,184,27.2,11.050610382981143,21.789425077900287,75.18140216853566,80.59197709063537,scheduling_failure
best_a2_240s_seed0,185,36.5,11.70946425092306,34.058461323036,21.158582958562278,23.600121635526275,on_time
best_a2_240s_seed0,186,28.1,8.37886879564192,23.17094780352698,5.809991689493916,13.969147350462913,on_time
best_a2_240s_seed0,187,32.1,14.903518957108798,25.1084972208322,50.05243704029457,60.102714789383406,scheduling_failure
best_a2_240s_seed0,188,37.8,8.516007443295928,32.752546174212505,45.42660699638048,52.24757887089918,scheduling_failure
best_a2_240s_seed0,189,28.1,9.952379844413283,24.466394845370086,15.474355078561652,19.151527168117777,on_time
best_a2_240s_seed0,190,41.4,11.466182063594559,32.420324732974215,71.66233593436304,81.65231367111126,scheduling_failure
best_a2_240s_seed0,191,36.9,12.364700366290018,33.07537220402066,18.575862415346517,22.423539238212076,on_time
best_a2_240s_seed0,192,44.5,10.35960092870297,40.71187691023511,16.965349772810832,22.137886351352215,on_time
best_a2_240s_seed0,193,28.8,8.144406339138785,26.715459608936467,11.768969446169681,14.177397575236236,on_time
best_a2_240s_seed0,194,35.3,9.014443628942956,34.02681986572166,32.936390060222045,34.20957019450038,on_time
best_a2_240s_seed0,195,29.1,16.134143746301934,23.452537989459884,64.10057932953785,70.06555368047566,scheduling_failure
best_a2_240s_seed0,196,38.3,8.373198904091621,36.480896978599304,31.733714246479153,34.57114147586823,on_time
best_a2_240s_seed0,197,47.6,13.713445476323278,41.90779176699401,69.532686118987,76.10765737440205,scheduling_failure
best_a2_240s_seed0,198,48.2,11.631290293422675,44.72257722791685,30.36004191503434,33.908855997929656,on_time
best_a2_240s_seed0,199,36.8,13.986211841460378,32.62053816448004,30.299283938331783,35.18351097431974,on_time
best_a2_240s_seed0,200,34.3,8.881289001616345,33.862131988994705,21.655560741953142,22.09342875295843,on_time
best_a2_240s_seed1,1,30.0,13.318547286285375,26.095128082592463,21.777378068678072,28.007518409064044,on_time
best_a2_240s_seed1,2,43.0,9.75268820791451,36.048590159871736,31.56576127565473,41.01839542805657,on_time
best_a2_240s_seed1,3,34.8,17.387742075672712,26.160005429814234,75.5804223130311,84.27554299475167,scheduling_failure
best_a2_240s_seed1,4,27.9,7.136344269809599,25.066296320500346,5.24961099016746,9.029738179552162,on_time
best_a2_240s_seed1,5,35.0,9.30227164927708,31.96333109728911,59.22313031572773,63.356485894132604,scheduling_failure
best_a2_240s_seed1,6,24.8,11.412726514666286,21.086078908142607,50.7914334757457,54.64661076238956,scheduling_failure
best_a2_240s_seed1,7,54.7,13.696366503235534,47.3241468373792,67.66760069527557,75.1877423786517,scheduling_failure
best_a2_240s_seed1,8,39.6,14.449690755151355,33.32679615987548,24.310908652983667,32.44841770614079,on_time
best_a2_240s_seed1,9,28.4,8.667963202909007,25.107265761493633,5.991741064183618,10.044117568505847,on_time
best_a2_240s_seed1,10,26.9,9.337886899251748,24.75624651315836,13.000426064709,15.536851201773091,on_time
best_a2_240s_seed1,11,42.1,12.174549713317514,41.14871756475538,15.535551256000673,16.521881977930043,on_time
best_a2_240s_seed1,12,35.9,14.125500560795754,30.24572160240311,23.0676151670592,31.892548857207014,on_time
best_a2_240s_seed1,13,29.2,8.727464831679153,25.713447349785746,20.71776977846626,24.750465107313723,on_time
best_a2_240s_seed1,14,49.5,7.862077188049531,47.41143619550848,34.69329831598839,36.781862120479914,on_time
best_a2_240s_seed1,15,48.5,15.258934178592634,40.84225156386611,45.68579652758875,54.61012886166917,scheduling_failure
best_a2_240s_seed1,16,31.3,15.841065956487942,25.282689579940385,77.33204737179186,83.94021765032429,scheduling_failure
best_a2_240s_seed1,17,37.2,15.835975575364568,31.195392715424656,67.88079778557488,77.68561322683095,scheduling_failure
best_a2_240s_seed1,18,36.6,10.418371158195585,33.88688598574977,19.94743192717296,23.882075929754514,on_time
best_a2_240s_seed1,19,47.2,12.08851219222583,42.07397104577957,32.733001005582246,37.859029959802676,on_time
best_a2_240s_seed1,20,26.3,11.06884378884259,22.398227689819173,8.281324218705542,13.124238136429875,on_time
best_a2_240s_seed1,21,47.9,8.617456346713809,45.48796740598973,35.50624284800991,39.90826782640829,on_time
best_a2_240s_seed1,22,23.8,9.453872488467653,19.621202843040557,18.389625971174297,23.592714759152898,on_time
best_a2_240s_seed1,23,42.2,11.194316721676751,35.12096644665512,60.59137622964845,69.20633160548053,scheduling_failure
best_a2_240s_seed1,24,44.3,16.160245891124223,38.93337934227221,69.39000086025294,74.955287603714,scheduling_failure
best_a2_240s_seed1,25,37.0,18.14365440186684,29.80377327953422,56.249089966375436,64.43051559904549,scheduling_failure
best_a2_240s_seed1,26,43.2,15.851370596616174,36.04182242656418,56.52846039099737,66.13253672298045,scheduling_failure
best_a2_240s_seed1,27,48.0,7.676189999026545,45.51983174605003,28.960674047033187,33.08399514172195,on_time
best_a2_240s_seed1,28,50.6,9.481600880295323,47.41012403971952,44.06175933472159,49.360341343366365,on_time
best_a2_240s_seed1,29,33.3,12.773451505110696,29.65696165336381,24.437680594920405,28.080718941556594,on_time
best_a2_240s_seed1,30,32.0,11.676977243274683,26.343614992062097,72.80905007724967,80.52263283886192,scheduling_failure
best_a2_240s_seed1,31,56.5,14.957438682092242,50.24561881953,49.019049236948014,55.593666859365676,on_time
best_a2_240s_seed1,32,46.1,12.272614695853004,40.83056800212329,38.61259721558533,44.51766721561131,on_time
best_a2_240s_seed1,33,24.1,9.420944408070884,21.899551112013285,21.64111625047371,23.841565138460428,on_time
best_a2_240s_seed1,34,43.6,13.918782226042024,38.10553589487846,72.18189961530844,77.79703889688159,scheduling_failure
best_a2_240s_seed1,35,39.9,8.57868076269861,37.81937212705419,58.13946939659559,60.25478965274471,scheduling_failure
best_a2_240s_seed1,36,25.6,9.47039040487065,23.071520243991817,18.450526916886133,21.62789335704392,on_time
best_a2_240s_seed1,37,31.5,11.735310016459826,24.02420366354209,62.11858352590644,69.74234871967153,scheduling_failure
best_a2_240s_seed1,38,31.4,12.109726873952011,29.023936235631357,46.912249847218476,49.288313611587114,scheduling_failure
best_a2_240s_seed1,39,37.1,14.899788256329003,30.4942598848323,58.91157605140949,65.90865517047747,scheduling_failure
best_a2_240s_seed1,40,47.6,12.209456878393645,43.15243165341657,11.746646119889853,16.38624165004921,on_time
best_a2_240s_seed1,41,43.9,13.702472947386859,36.548205056662084,66.94957872099097,74.31055853714759,scheduling_failure
best_a2_240s_seed1,42,24.2,7.3784853218957185,19.05694763255117,15.683583656396712,20.955773188309397,on_time
best_a2_240s_seed1,43,45.5,12.148067081177345,41.77963562119097,20.074314377179515,26.268090368363886,on_time
best_a2_240s_seed1,44,46.9,9.392901380713575,42.199356492700595,26.880142718282368,32.51562302700655,on_time
best_a2_240s_seed1,45,32.9,12.976358447268998,28.250335203904545,81.57948634635203,87.00639766188043,scheduling_failure
best_a2_240s_seed1,46,41.4,10.503080775420955,40.08226719207329,11.843646973381107,13.16137978130782,on_time
best_a2_240s_seed1,47,28.4,10.54226728056467,26.709321124007165,9.855530609839654,14.561092272565658,on_time
best_a2_240s_seed1,48,30.9,13.62623319001967,24.77228518215078,44.06089377580921,56.87285381720995,scheduling_failure
best_a2_240s_seed1,49,29.0,16.538489032128084,24.451156706519562,16.988548644596708,23.245304116293152,on_time
best_a2_240s_seed1,50,51.2,13.621897150473695,47.02254729397075,45.47601768632973,49.788657633389604,on_time
best_a2_240s_seed1,51,26.8,9.700937663199486,22.433969511991215,5.338131734040691,9.704162222049476,on_time
best_a2_240s_seed1,52,28.0,13.042558736661379,24.95821283851048,24.6100021232727,27.65178928476222,on_time
best_a2_240s_seed1,53,54.1,15.813113973466871,48.8909267192288,45.52438355700671,52.52458221635621,on_time
best_a2_240s_seed1,54,32.9,12.12554226860832,30.260672551062285,13.222512480504632,18.28120739831744,on_time
best_a2_240s_seed1,55,38.7,11.39606096923056,37.78483287635672,15.481044038447534,16.932781213626946,on_time
best_a2_240s_seed1,56,46.1,10.253419248413843,44.71935781626586,40.60045476826693,42.598959526014944,on_time
best_a2_240s_seed1,57,42.6,13.291461236080135,38.17168203490309,23.554224977947772,30.000735773596436,on_time
best_a2_240s_seed1,58,38.8,9.114719657413044,34.61817571854248,24.63946674780155,29.276771008296034,on_time
best_a2_240s_seed1,59,24.4,8.599350234261696,17.74166261067198,1.941012844933678,8.722415162374592,on_time
best_a2_240s_seed1,60,26.0,11.436331825472248,23.35112416110597,11.775368973147819,16.203088407556614,on_time
best_a2_240s_seed1,61,43.1,9.345743123026308,39.21206360871014,36.77697574784219,40.95008029798269,on_time
best_a2_240s_seed1,62,35.7,15.62098129673095,30.174916904708446,67.00349041636936,73.65718832846767,scheduling_failure
best_a2_240s_seed1,63,49.5,12.429522888765202,41.90954140197082,41.04128632847317,49.15527623061093,on_time
best_a2_240s_seed1,64,31.8,12.318444701050073,27.287575451196776,26.275162224856256,30.78758677365948,on_time
best_a2_240s_seed1,65,52.7,12.052523479265604,49.21281003856107,46.38536338930343,51.95040279222617,on_time
best_a2_240s_seed1,66,29.6,10.178980269018604,28.161679649000696,10.627714778526201,12.066035129525506,on_time
best_a2_240s_seed1,67,27.0,13.653958032619936,21.348364161207748,8.503285358997683,15.563913327349278,on_time
best_a2_240s_seed1,68,28.8,13.846001258466154,22.851818412528846,55.0272027367608,61.028881700846384,scheduling_failure
best_a2_240s_seed1,69,33.3,9.371281093480997,30.804126862989747,27.912097971343176,30.407971108353426,on_time
best_a2_240s_seed1,70,44.1,13.331955409033299,39.22261454374489,30.427278857394718,35.553945711769565,on_time
best_a2_240s_seed1,71,28.9,14.792470557619271,23.365852357999763,57.82867897611991,63.362826618120145,scheduling_failure
best_a2_240s_seed1,72,42.6,13.366412566873528,35.486102976272605,64.4254346373206,74.72123139399068,scheduling_failure
best_a2_240s_seed1,73,48.6,8.308958187390411,47.66871918809777,9.572961607830475,10.504242419732709,on_time
best_a2_240s_seed1,74,30.8,16.72113228658485,23.600960283516546,76.76486742172648,85.00781798410338,scheduling_failure
best_a2_240s_seed1,75,21.6,7.4443365812490345,16.433034656183814,2.2773712374328476,7.462526526629862,on_time
best_a2_240s_seed1,76,31.2,10.78696887514834,28.888194548746704,26.53220542431486,28.844010875568152,on_time
best_a2_240s_seed1,77,45.1,11.04890945365296,40.893523511958676,48.78068209585101,54.19566613792985,scheduling_failure
best_a2_240s_seed1,78,50.4,14.141899510838886,44.319998375568765,42.08704930379827,48.1670509282295,on_time
best_a2_240s_seed1,79,37.6,15.39192578835741,32.02221115538946,65.79241652959024,71.88365170573896,scheduling_failure
best_a2_240s_seed1,80,50.0,15.42178028705532,46.00109582911753,65.56948199604916,69.56838616693163,scheduling_failure
best_a2_240s_seed1,81,33.1,11.543038254213846,29.911808051381698,10.580336613484231,14.38749329755608,on_time
best_a2_240s_seed1,82,31.8,17.041425586494224,23.832434577273176,20.012571705300083,29.560656008750247,on_time
best_a2_240s_seed1,83,45.9,14.94183202713103,40.189094253584244,60.76719935512375,66.5161190341591,scheduling_failure
best_a2_240s_seed1,84,43.4,8.812964987195391,40.300577512973355,17.03114111546517,20.883729767995042,on_time
best_a2_240s_seed1,85,29.9,16.179092668068098,23.989672148802406,77.44557791674268,86.01725911661572,scheduling_failure
best_a2_240s_seed1,86,25.3,9.763308965467917,22.585953319724208,16.934148416225504,19.716090281652832,on_time
best_a2_240s_seed1,87,28.2,13.703850251106813,21.87219539562803,50.967613920235735,57.31920144880484,scheduling_failure
best_a2_240s_seed1,88,26.2,11.787542255632916,21.19007158573604,69.36690195015687,76.44726519171992,scheduling_failure
best_a2_240s_seed1,89,50.6,14.268230147049705,45.29646053430376,36.29550827483332,42.8389312020818,on_time
best_a2_240s_seed1,90,31.7,17.18264228736812,26.720721952276293,66.4321799754354,71.41145802315911,scheduling_failure
best_a2_240s_seed1,91,28.2,12.847990633220085,24.350068142337843,21.731315635062497,25.581247492724653,on_time
best_a2_240s_seed1,92,21.0,5.4808161556669415,20.607162899340807,13.647287127360535,14.040124228019728,on_time
best_a2_240s_seed1,93,52.3,11.394749989313782,47.3844665461618,32.13004995543202,38.06570857355533,on_time
best_a2_240s_seed1,94,50.0,9.097943263463637,46.12598080911335,41.70332276211979,46.45663861963108,on_time
best_a2_240s_seed1,95,37.2,9.394017578622954,36.545858398687336,30.060779450302554,30.71492105161522,on_time
best_a2_240s_seed1,96,44.4,16.750278067351566,36.6430596588094,67.28042797261503,75.05916264567391,scheduling_failure
best_a2_240s_seed1,97,39.9,10.336816513523798,38.432954594355635,19.433645261841946,20.96188284089247,on_time
best_a2_240s_seed1,98,55.5,16.78127768430205,46.97230365583579,85.83782238673874,94.6102228317199,scheduling_failure
best_a2_240s_seed1,99,37.1,11.173427010526277,33.468366010719315,28.057454326179528,31.689088315460218,on_time
best_a2_240s_seed1,100,52.1,10.559552965984494,48.38519810939806,45.03071680857375,48.74551869917569,on_time
best_a2_240s_seed1,101,44.7,12.126057235905382,40.981361592607016,29.95118493742021,34.08399846547634,on_time
best_a2_240s_seed1,102,47.4,13.67988028378703,42.25790790522854,50.563641229112235,55.809533512045384,scheduling_failure
best_a2_240s_seed1,103,25.0,11.598921315181249,20.723376779182026,11.598592905194351,16.292820554284617,on_time
best_a2_240s_seed1,104,28.5,11.97950748034207,20.772144340994732,57.01533408534207,65.36545543996812,scheduling_failure
best_a2_240s_seed1,105,48.8,11.655090193597498,44.18048957754072,30.112101947372146,35.72866481745364,on_time
best_a2_240s_seed1,106,47.6,9.611018595990478,44.42272731286799,58.183723820462944,61.42433911027029,scheduling_failure
best_a2_240s_seed1,107,50.4,15.328385176071206,46.65896957483967,39.980540421092755,46.599559265005105,on_time
best_a2_240s_seed1,108,33.6,17.702523422191,27.348639654216093,70.00458035792055,81.9127446637435,scheduling_failure
best_a2_240s_seed1,109,46.5,15.997884103068555,40.83246194063763,63.448520094215624,71.24538076169888,scheduling_failure
best_a2_240s_seed1,110,43.5,8.371468380036914,39.50639399929226,21.97595015138634,26.208142452944863,on_time
best_a2_240s_seed1,111,49.9,11.583366391391072,47.62019060792409,41.04670111555633,44.95676569287581,on_time
best_a2_240s_seed1,112,41.0,10.402745130699762,35.35768850449165,30.376711869500628,36.439840694125465,on_time
best_a2_240s_seed1,113,34.3,11.830341217480507,29.615839667059703,73.5595810053249,78.24933072881598,scheduling_failure
best_a2_240s_seed1,114,33.7,11.212178931579517,29.548352996760666,52.983317880821026,57.199648760354656,scheduling_failure
best_a2_240s_seed1,115,48.3,10.399064645019001,46.73968980608515,11.90494568192216,13.465255875837,on_time
best_a2_240s_seed1,116,31.2,11.477848589124237,28.5163273736478,46.14281678137783,48.82648940773003,scheduling_failure
best_a2_240s_seed1,117,46.0,14.980884616724602,40.926320642549214,53.74610100312863,61.870572040382285,scheduling_failure
best_a2_240s_seed1,118,20.9,4.388102265299231,19.940769341195704,3.434342671911777,4.393573330716073,on_time
best_a2_240s_seed1,119,47.7,8.804865015163161,45.37597093152622,34.083086474950754,37.25147505912373,on_time
best_a2_240s_seed1,120,25.5,12.29107627025043,21.12915099921602,14.162693868124789,20.15249278195916,on_time
best_a2_240s_seed1,121,21.2,5.554938714135205,19.72071922714507,13.819079683575625,16.998502796754405,on_time
best_a2_240s_seed1,122,40.6,7.8573561394650895,38.16851922371735,16.34602600393326,18.791121474502603,on_time
best_a2_240s_seed1,123,52.9,14.694357104775767,45.67561570823771,36.79556981842729,44.24028410189345,on_time
best_a2_240s_seed1,124,50.5,16.08542032430854,42.84346885751763,85.63999467768579,93.48750566913597,scheduling_failure
best_a2_240s_seed1,125,36.9,6.318822771778489,34.32365940446579,4.5161934865803826,7.26917578865961,on_time
best_a2_240s_seed1,126,30.2,10.59675356716071,25.769062189948585,62.39854313958635,68.91570327228472,scheduling_failure
best_a2_240s_seed1,127,28.9,13.70409216217903,25.66237398357651,76.42112383146628,80.4099132470684,scheduling_failure
best_a2_240s_seed1,128,32.9,9.57506939563291,30.30194754802566,10.638037915052623,13.236090367026963,on_time
best_a2_240s_seed1,129,20.9,5.316374258542644,19.41044790890054,3.8268221674431864,5.316374258542644,on_time
best_a2_240s_seed1,130,39.1,12.102730983616059,36.86669430641758,33.70824437471602,38.03231195264097,on_time
best_a2_240s_seed1,131,34.7,9.796906626361018,30.486324439590177,58.34834330520775,62.562018865617574,scheduling_failure
best_a2_240s_seed1,132,36.4,7.2863949706724105,33.04389261343987,3.9302875841122824,9.371730826982978,on_time
best_a2_240s_seed1,133,30.8,15.75521115652836,24.65112677189482,76.45754927315005,82.65234104621197,scheduling_failure
best_a2_240s_seed1,134,24.8,4.256801985915299,24.341069412709704,3.7978713986250017,4.256801985915299,on_time
best_a2_240s_seed1,135,35.7,11.441973463453786,32.71142091651039,32.07640012091912,35.10173966470066,on_time
best_a2_240s_seed1,136,55.0,17.059830028439446,46.91632494040391,85.89649851523916,93.98017357483525,scheduling_failure
best_a2_240s_seed1,137,53.9,14.04226364635106,47.95090524574858,46.93737878969294,52.88647354394436,on_time
best_a2_240s_seed1,138,28.0,10.430312023036322,25.34825936504685,15.191690655839556,19.474981002162533,on_time
best_a2_240s_seed1,139,23.2,7.7347131075627615,21.188674044624932,6.48182335864881,8.807707237000109,on_time
best_a2_240s_seed1,140,34.3,7.816696237933196,33.2321765531792,10.325505267295561,11.393328714116358,on_time
best_a2_240s_seed1,141,21.0,7.121502530787958,19.346981810202177,12.278041124667219,15.2310881492736,on_time
best_a2_240s_seed1,142,43.5,11.024750429785874,42.00185299638372,40.370603603466556,41.86875060708284,on_time
best_a2_240s_seed1,143,34.2,11.735575772128307,31.53692371332664,11.984540141779037,16.280006814912838,on_time
best_a2_240s_seed1,144,50.7,16.760201778298345,45.204086815788024,69.3729982721472,75.65148489617843,scheduling_failure
best_a2_240s_seed1,145,46.1,16.83775921636076,38.04337938075342,76.14352022563364,84.57691015743524,scheduling_failure
best_a2_240s_seed1,146,25.5,8.560955539990937,24.904440298521894,23.890575613588748,24.486135315066853,on_time
best_a2_240s_seed1,147,35.1,12.329197692319534,30.589148885434394,56.03562406747873,60.54647518204433,scheduling_failure
best_a2_240s_seed1,148,32.9,9.547648231251406,32.31331649855804,20.160812417123708,20.74749591856567,on_time
best_a2_240s_seed1,149,27.5,8.55243488376118,24.79011867600748,5.885598131934043,10.22219727650632,on_time
best_a2_240s_seed1,150,44.7,14.013278480796851,39.77518252515956,39.30858351146356,44.66623452968895,on_time
best_a2_240s_seed1,151,31.0,14.820247409347248,24.841346547687635,74.78222487663183,82.41759377352899,scheduling_failure
best_a2_240s_seed1,152,48.0,12.345655571295925,45.0528733390715,41.592421710416104,44.5395483713446,on_time
best_a2_240s_seed1,153,20.7,7.660330634136773,17.249592974448476,4.2135664459785485,7.663973471530071,on_time
best_a2_240s_seed1,154,49.6,13.020592307871947,45.54406394479023,43.38345433081956,48.19315652876365,on_time
best_a2_240s_seed1,155,47.4,11.449725545654674,43.89746123821909,37.4026121599072,40.90515092168811,on_time
best_a2_240s_seed1,156,40.8,9.549231524169981,34.92962028275075,3.6788518069207337,12.993451056859206,on_time
best_a2_240s_seed1,157,29.6,12.18691092715172,25.82968056499515,46.07722635651619,54.19587318342712,scheduling_failure
best_a2_240s_seed1,158,54.4,13.992525131403667,50.34406394479022,49.55212237960806,53.608058434817835,on_time
best_a2_240s_seed1,159,21.4,8.867367027034852,18.64827775590595,7.402345853865379,10.235371618919249,on_time
best_a2_240s_seed1,160,54.2,14.48701279341979,51.204282892585766,16.78454050180332,19.933768703394254,on_time
best_a2_240s_seed1,161,35.4,10.67800164141602,31.72176907793306,26.97266098447445,31.056503169904285,on_time
best_a2_240s_seed1,162,30.3,14.849993238872205,26.26821272362054,18.573976109639993,22.605763386019454,on_time
best_a2_240s_seed1,163,56.4,18.344070300280965,49.6801381554472,48.801830819559626,56.38570909225806,on_time
best_a2_240s_seed1,164,34.0,11.967251813114865,29.719236251367644,27.520430060686436,33.09722165650887,on_time
best_a2_240s_seed1,165,40.3,12.215588103265409,35.528466612901305,82.88460000393617,87.65613339103487,scheduling_failure
best_a2_240s_seed1,166,40.1,14.494581596123824,34.70364777984696,73.54420167574618,80.31067494539387,scheduling_failure
best_a2_240s_seed1,167,34.6,7.692435925527956,32.35017147429816,36.353947591267975,38.609805552190515,scheduling_failure
best_a2_240s_seed1,168,42.9,11.945682023943062,40.26413623687077,13.428970771947649,16.802564084511157,on_time
best_a2_240s_seed1,169,25.5,9.038552398158043,22.84407255044797,8.114683441777826,11.32486397205094,on_time
best_a2_240s_seed1,170,40.1,10.258553360648383,34.525277507875614,33.370518853758846,38.96950174430246,on_time
best_a2_240s_seed1,171,26.9,8.737022502159897,25.296916551389206,57.749787307093314,59.82275491067931,scheduling_failure
best_a2_240s_seed1,172,21.6,7.590899145926253,16.952287168089963,2.943186314016214,9.93682217060963,on_time
best_a2_240s_seed1,173,34.5,10.472905841870437,32.54242528484043,25.60088257923161,27.558457294391186,on_time
best_a2_240s_seed1,174,52.6,12.168234239369692,46.371223689922104,34.62784307508398,50.148793346832356,on_time
best_a2_240s_seed1,175,20.3,7.5103522511215095,17.93471610557325,7.739883790179313,11.342072985625125,on_time
best_a2_240s_seed1,176,32.4,13.701686402415563,25.76835122823149,51.33696436776006,57.975415807037436,scheduling_failure
best_a2_240s_seed1,177,47.7,11.678006651948872,42.992336166904856,71.22315853947666,76.74464264875512,scheduling_failure
best_a2_240s_seed1,178,30.3,11.000003222341912,25.974751131116527,16.574438962380356,21.03727496203109,on_time
best_a2_240s_seed1,179,46.0,13.941776126437677,42.337274845752745,38.65789809754138,44.67132466150751,on_time
best_a2_240s_seed1,180,24.7,10.134963453557718,18.897999493576098,64.24849430908489,70.94843113670426,scheduling_failure
best_a2_240s_seed1,181,32.0,7.363718463393457,27.672625179221683,3.0363436426151407,7.625676423223621,on_time
best_a2_240s_seed1,182,40.5,17.080677473303517,34.40308720096701,57.15346888838098,63.25038168741397,scheduling_failure
best_a2_240s_seed1,183,36.2,7.668680587918329,35.06813821024336,24.145463950249297,25.277325740005942,on_time
best_a2_240s_seed1,184,27.2,11.050610382981143,21.789425077900287,9.492281539255636,15.346662367111783,on_time
best_a2_240s_seed1,185,36.5,11.70946425092306,34.058461323036,62.310566548764434,65.03004928076301,scheduling_failure
best_a2_240s_seed1,186,28.1,8.37886879564192,23.17094780352698,5.758025013650184,10.698966643482631,on_time
best_a2_240s_seed1,187,32.1,14.903518957108798,25.1084972208322,57.074418746360806,66.67131876294869,scheduling_failure
best_a2_240s_seed1,188,37.8,8.516007443295928,32.752546174212505,17.920791950952054,23.296676590704624,on_time
best_a2_240s_seed1,189,28.1,9.952379844413283,24.466394845370086,8.381313673708924,14.237939601171522,on_time
best_a2_240s_seed1,190,41.4,11.466182063594559,32.420324732974215,79.60856980425397,88.58824507127976,scheduling_failure
best_a2_240s_seed1,191,36.9,12.364700366290018,33.07537220402066,31.54966630370811,35.38622827205266,on_time
best_a2_240s_seed1,192,44.5,10.35960092870297,40.71187691023511,50.63569332746732,55.36246527365677,scheduling_failure
best_a2_240s_seed1,193,28.8,8.144406339138785,26.715459608936467,23.507615288902258,26.375717853268316,on_time
best_a2_240s_seed1,194,35.3,9.014443628942956,34.02681986572166,20.470223233196634,21.75217523598034,on_time
best_a2_240s_seed1,195,29.1,16.134143746301934,23.452537989459884,64.16725720413831,73.33708117871933,scheduling_failure
best_a2_240s_seed1,196,38.3,8.373198904091621,36.480896978599304,22.10651342973816,24.376060756887554,on_time
best_a2_240s_seed1,197,47.6,13.713445476323278,41.90779176699401,72.17445731303457,79.43292156245838,scheduling_failure
best_a2_240s_seed1,198,48.2,11.631290293422675,44.72257722791685,15.468073845681788,20.309824006228798,on_time
best_a2_240s_seed1,199,36.8,13.986211841460378,32.62053816448004,28.923292385167667,33.11754480413633,on_time
best_a2_240s_seed1,200,34.3,8.881289001616345,33.862131988994705,31.142374030763474,31.580242041768763,on_time
best_a2_240s_seed2,1,30.0,13.318547286285375,26.095128082592463,10.320080293982446,16.10458175912677,on_time
best_a2_240s_seed2,2,43.0,9.75268820791451,36.048590159871736,18.002909241332762,25.36951819107305,on_time
best_a2_240s_seed2,3,34.8,17.387742075672712,26.160005429814234,75.12252279008027,84.19604462941014,scheduling_failure
best_a2_240s_seed2,4,27.9,7.136344269809599,25.066296320500346,4.390695347558964,9.603412168658885,on_time
best_a2_240s_seed2,5,35.0,9.30227164927708,31.96333109728911,55.682342708134605,59.041139673305295,scheduling_failure
best_a2_240s_seed2,6,24.8,11.412726514666286,21.086078908142607,10.150896529342393,14.620037536152099,on_time
best_a2_240s_seed2,7,54.7,13.696366503235534,47.3241468373792,42.31230103819048,50.050878198686156,on_time
best_a2_240s_seed2,8,39.6,14.449690755151355,33.32679615987548,46.457448098431676,53.67179014102286,scheduling_failure
best_a2_240s_seed2,9,28.4,8.667963202909007,25.107265761493633,22.64416313871753,26.253731945123718,on_time
best_a2_240s_seed2,10,26.9,9.337886899251748,24.75624651315836,10.158982225236315,13.068733265938901,on_time
best_a2_240s_seed2,11,42.1,12.174549713317514,41.14871756475538,18.199204966426997,19.15048740167162,on_time
best_a2_240s_seed2,12,35.9,14.125500560795754,30.24572160240311,48.36840202986884,58.697759019958504,scheduling_failure
best_a2_240s_seed2,13,29.2,8.727464831679153,25.713447349785746,10.93685049914475,14.438761582117774,on_time
best_a2_240s_seed2,14,49.5,7.862077188049531,47.41143619550848,7.341625891570388,10.1418619543428,on_time
best_a2_240s_seed2,15,48.5,15.258934178592634,40.84225156386611,60.49435445221757,68.22485097100754,scheduling_failure
best_a2_240s_seed2,16,31.3,15.841065956487942,25.282689579940385,82.2846917851051,88.30793345307762,scheduling_failure
best_a2_240s_seed2,17,37.2,15.835975575364568,31.195392715424656,63.53797458308395,73.01822604463132,scheduling_failure
best_a2_240s_seed2,18,36.6,10.418371158195585,33.88688598574977,8.490134152477335,12.424778155058888,on_time
best_a2_240s_seed2,19,47.2,12.08851219222583,42.07397104577957,56.99297977775967,62.6156854288863,scheduling_failure
best_a2_240s_seed2,20,26.3,11.06884378884259,22.398227689819173,8.854998207812265,13.697912125536599,on_time
best_a2_240s_seed2,21,47.9,8.617456346713809,45.48796740598973,31.416765011701486,34.64341012017551,on_time
best_a2_240s_seed2,22,23.8,9.453872488467653,19.621202843040557,54.309145859917514,60.225612527274286,scheduling_failure
best_a2_240s_seed2,23,42.2,11.194316721676751,35.12096644665512,66.8739486556399,73.95298220898478,scheduling_failure
best_a2_240s_seed2,24,44.3,16.160245891124223,38.93337934227221,23.73753469511604,29.104155352843826,on_time
best_a2_240s_seed2,25,37.0,18.14365440186684,29.80377327953422,45.817534418078054,56.70265560271968,scheduling_failure
best_a2_240s_seed2,26,43.2,15.851370596616174,36.04182242656418,75.29071186768631,82.90658460438776,scheduling_failure
best_a2_240s_seed2,27,48.0,7.676189999026545,45.51983174605003,26.021239256203586,29.401492123114643,on_time
best_a2_240s_seed2,28,50.6,9.481600880295323,47.41012403971952,40.93625088021675,45.512023770156894,on_time
best_a2_240s_seed2,29,33.3,12.773451505110696,29.65696165336381,25.20319636332703,30.36530737373951,on_time
best_a2_240s_seed2,30,32.0,11.676977243274683,26.343614992062097,54.414491250670345,60.07087625860825,scheduling_failure
best_a2_240s_seed2,31,56.5,14.957438682092242,50.24561881953,46.922147932624014,55.17160570511726,on_time
best_a2_240s_seed2,32,46.1,12.272614695853004,40.83056800212329,34.69986214589997,42.64268820306289,on_time
best_a2_240s_seed2,33,24.1,9.420944408070884,21.899551112013285,19.582531203483395,21.78298009147011,on_time
best_a2_240s_seed2,34,43.6,13.918782226042024,38.10553589487846,73.83585567023107,79.45099495180422,scheduling_failure
best_a2_240s_seed2,35,39.9,8.57868076269861,37.81937212705419,34.652837712060226,36.74664410031841,on_time
best_a2_240s_seed2,36,25.6,9.47039040487065,23.071520243991817,7.170821036772676,10.170595582348295,on_time
best_a2_240s_seed2,37,31.5,11.735310016459826,24.02420366354209,75.45537341044985,87.2215967325212,scheduling_failure
best_a2_240s_seed2,38,31.4,12.109726873952011,29.023936235631357,65.72265751343627,68.09872127780491,scheduling_failure
best_a2_240s_seed2,39,37.1,14.899788256329003,30.4942598848323,70.69593825133678,77.42225001429455,scheduling_failure
best_a2_240s_seed2,40,47.6,12.209456878393645,43.15243165341657,36.35322203676852,41.58764200440416,on_time
best_a2_240s_seed2,41,43.9,13.702472947386859,36.548205056662084,35.24434134113606,42.737833077074406,on_time
best_a2_240s_seed2,42,24.2,7.3784853218957185,19.05694763255117,2.2354329544468916,8.750635700611939,on_time
best_a2_240s_seed2,43,45.5,12.148067081177345,41.77963562119097,37.66400398058649,41.7674032677354,on_time
best_a2_240s_seed2,44,46.9,9.392901380713575,42.199356492700595,31.292591306271976,35.993234813571384,on_time
best_a2_240s_seed2,45,32.9,12.976358447268998,28.250335203904545,58.81328345412215,66.43493550185933,scheduling_failure
best_a2_240s_seed2,46,41.4,10.503080775420955,40.08226719207329,37.5731972102618,39.270844748173474,on_time
best_a2_240s_seed2,47,28.4,10.54226728056467,26.709321124007165,18.853678420524226,20.54435729651706,on_time
best_a2_240s_seed2,48,30.9,13.62623319001967,24.77228518215078,61.50080143270943,68.6689597178272,scheduling_failure
best_a2_240s_seed2,49,29.0,16.538489032128084,24.451156706519562,20.21308791553744,24.76193120901788,on_time
best_a2_240s_seed2,50,51.2,13.621897150473695,47.02254729397075,15.394575500678066,19.73442888360366,on_time
best_a2_240s_seed2,51,26.8,9.700937663199486,22.433969511991215,12.34436541119174,18.077519155229318,on_time
best_a2_240s_seed2,52,28.0,13.042558736661379,24.95821283851048,13.152704348577075,17.92605035542459,on_time
best_a2_240s_seed2,53,54.1,15.813113973466871,48.8909267192288,47.89796537577589,53.10703865654709,on_time
best_a2_240s_seed2,54,32.9,12.12554226860832,30.260672551062285,16.8751835762112,22.34370811054339,on_time
best_a2_240s_seed2,55,38.7,11.39606096923056,37.78483287635672,32.55353875327588,33.46870587691917,on_time
best_a2_240s_seed2,56,46.1,10.253419248413843,44.71935781626586,41.893977015731764,44.45700600454328,on_time
best_a2_240s_seed2,57,42.6,13.291461236080135,38.17168203490309,27.29612563535876,32.232833630847466,on_time
best_a2_240s_seed2,58,38.8,9.114719657413044,34.61817571854248,10.228868790927729,14.424162409832606,on_time
best_a2_240s_seed2,59,24.4,8.599350234261696,17.74166261067198,1.941012844933678,11.42843273839171,on_time
best_a2_240s_seed2,60,26.0,11.436331825472248,23.35112416110597,18.764158138303202,21.41303397719723,on_time
best_a2_240s_seed2,61,43.1,9.345743123026308,39.21206360871014,32.591250763621694,37.99375793235001,on_time
best_a2_240s_seed2,62,35.7,15.62098129673095,30.174916904708446,26.45414704606743,33.33705266338393,on_time
best_a2_240s_seed2,63,49.5,12.429522888765202,41.90954140197082,73.90864948541184,81.49910808344102,scheduling_failure
best_a2_240s_seed2,64,31.8,12.318444701050073,27.287575451196776,11.32822106659947,17.224734739337514,on_time
best_a2_240s_seed2,65,52.7,12.052523479265604,49.21281003856107,37.84178175836427,41.32897171980321,on_time
best_a2_240s_seed2,66,29.6,10.178980269018604,28.161679649000696,23.34694082649048,24.785261177489787,on_time
best_a2_240s_seed2,67,27.0,13.653958032619936,21.348364161207748,89.20806475405598,96.33983464873872,scheduling_failure
best_a2_240s_seed2,68,28.8,13.846001258466154,22.851818412528846,50.79168372738975,57.99339186237223,scheduling_failure
best_a2_240s_seed2,69,33.3,9.371281093480997,30.804126862989747,22.11450095549937,28.541331357205227,on_time
best_a2_240s_seed2,70,44.1,13.331955409033299,39.22261454374489,55.08409671479924,62.71761083430983,scheduling_failure
best_a2_240s_seed2,71,28.9,14.792470557619271,23.365852357999763,87.05377670911012,92.58792435111036,scheduling_failure
best_a2_240s_seed2,72,42.6,13.366412566873528,35.486102976272605,62.17853515023977,72.483085428926,scheduling_failure
best_a2_240s_seed2,73,48.6,8.308958187390411,47.66871918809777,7.593921349695459,8.525202161597692,on_time
best_a2_240s_seed2,74,30.8,16.72113228658485,23.600960283516546,74.13382161285296,81.40001463043376,scheduling_failure
best_a2_240s_seed2,75,21.6,7.4443365812490345,16.433034656183814,2.2773712374328476,8.472401142160445,on_time
best_a2_240s_seed2,76,31.2,10.78696887514834,28.888194548746704,12.256579423162671,14.971260231266529,on_time
best_a2_240s_seed2,77,45.1,11.04890945365296,40.893523511958676,39.08724259494556,44.4211546190227,on_time
best_a2_240s_seed2,78,50.4,14.141899510838886,44.319998375568765,43.11435454254713,49.45368263860834,on_time
best_a2_240s_seed2,79,37.6,15.39192578835741,32.02221115538946,27.350713234087827,32.928502078698365,on_time
best_a2_240s_seed2,80,50.0,15.42178028705532,46.00109582911753,38.51713138411739,42.568925573442314,on_time
best_a2_240s_seed2,81,33.1,11.543038254213846,29.911808051381698,29.76430872073329,33.04081754821944,on_time
best_a2_240s_seed2,82,31.8,17.041425586494224,23.832434577273176,85.64752322844521,93.61508865117203,scheduling_failure
best_a2_240s_seed2,83,45.9,14.94183202713103,40.189094253584244,52.028687187203936,58.53782622072732,scheduling_failure
best_a2_240s_seed2,84,43.4,8.812964987195391,40.300577512973355,37.45392545422239,40.55334794124904,on_time
best_a2_240s_seed2,85,29.9,16.179092668068098,23.989672148802406,16.666615684293028,22.877760872513406,on_time
best_a2_240s_seed2,86,25.3,9.763308965467917,22.585953319724208,20.996649128451452,23.77859099387878,on_time
best_a2_240s_seed2,87,28.2,13.703850251106813,21.87219539562803,69.78596572405439,77.98609961109834,scheduling_failure
best_a2_240s_seed2,88,26.2,11.787542255632916,21.19007158573604,9.352894822072724,15.970772648210753,on_time
best_a2_240s_seed2,89,50.6,14.268230147049705,45.29646053430376,43.6513799566786,49.38332561309912,on_time
best_a2_240s_seed2,90,31.7,17.18264228736812,26.720721952276293,19.96240982281125,26.07695745407093,on_time
best_a2_240s_seed2,91,28.2,12.847990633220085,24.350068142337843,61.718683055350496,65.90756328955045,scheduling_failure
best_a2_240s_seed2,92,21.0,5.4808161556669415,20.607162899340807,6.066591757965453,6.459428858624646,on_time
best_a2_240s_seed2,93,52.3,11.394749989313782,47.3844665461618,57.49347336129546,62.40900681513365,scheduling_failure
best_a2_240s_seed2,94,50.0,9.097943263463637,46.12598080911335,20.089141440243008,25.865452709779113,on_time
best_a2_240s_seed2,95,37.2,9.394017578622954,36.545858398687336,26.749267570034334,27.403409171347,on_time
best_a2_240s_seed2,96,44.4,16.750278067351566,36.6430596588094,65.04228200755036,72.82101668060923,scheduling_failure
best_a2_240s_seed2,97,39.9,10.336816513523798,38.432954594355635,37.985431202778216,39.61034564553441,on_time
best_a2_240s_seed2,98,55.5,16.78127768430205,46.97230365583579,63.19103245011511,73.08324792500969,scheduling_failure
best_a2_240s_seed2,99,37.1,11.173427010526277,33.468366010719315,15.122131915160764,19.020624526450003,on_time
best_a2_240s_seed2,100,52.1,10.559552965984494,48.38519810939806,47.57511607186682,51.754831857735056,on_time
best_a2_240s_seed2,101,44.7,12.126057235905382,40.981361592607016,31.436744359981052,35.56955788803719,on_time
best_a2_240s_seed2,102,47.4,13.67988028378703,42.25790790522854,40.78912971020509,46.25709087240811,on_time
best_a2_240s_seed2,103,25.0,11.598921315181249,20.723376779182026,16.06122748516632,23.061854881982228,on_time
best_a2_240s_seed2,104,28.5,11.97950748034207,20.772144340994732,62.87474567457351,75.6263391514182,scheduling_failure
best_a2_240s_seed2,105,48.8,11.655090193597498,44.18048957754072,25.113556437549658,31.28531359119763,on_time
best_a2_240s_seed2,106,47.6,9.611018595990478,44.42272731286799,14.176784608511879,18.91429131486209,on_time
best_a2_240s_seed2,107,50.4,15.328385176071206,46.65896957483967,75.728778534277,79.6054390792693,scheduling_failure
best_a2_240s_seed2,108,33.6,17.702523422191,27.348639654216093,77.27992307387221,86.78700943244306,scheduling_failure
best_a2_240s_seed2,109,46.5,15.997884103068555,40.83246194063763,28.457851398268613,34.79986214589997,on_time
best_a2_240s_seed2,110,43.5,8.371468380036914,39.50639399929226,50.08552480727464,54.08520844388112,scheduling_failure
best_a2_240s_seed2,111,49.9,11.583366391391072,47.62019060792409,33.26960932913026,36.652648698713286,on_time
best_a2_240s_seed2,112,41.0,10.402745130699762,35.35768850449165,57.38488144418674,67.72546863646878,scheduling_failure
best_a2_240s_seed2,113,34.3,11.830341217480507,29.615839667059703,75.21353706024753,79.90328678373861,scheduling_failure
best_a2_240s_seed2,114,33.7,11.212178931579517,29.548352996760666,52.91089488027087,57.592576161755595,scheduling_failure
best_a2_240s_seed2,115,48.3,10.399064645019001,46.73968980608515,33.80479131040992,35.365101504324755,on_time
best_a2_240s_seed2,116,31.2,11.477848589124237,28.5163273736478,11.418914888848988,14.102587515201186,on_time
best_a2_240s_seed2,117,46.0,14.980884616724602,40.926320642549214,66.54391089236273,73.40547127487555,scheduling_failure
best_a2_240s_seed2,118,20.9,4.388102265299231,19.940769341195704,15.677032088693373,17.024897625531214,on_time
best_a2_240s_seed2,119,47.7,8.804865015163161,45.37597093152622,35.537726933272594,37.86175600174638,on_time
best_a2_240s_seed2,120,25.5,12.29107627025043,21.12915099921602,84.31641551707096,89.05870077822365,scheduling_failure
best_a2_240s_seed2,121,21.2,5.554938714135205,19.72071922714507,7.202826581388262,8.762703866498526,on_time
best_a2_240s_seed2,122,40.6,7.8573561394650895,38.16851922371735,40.29658557724615,46.93557534159313,scheduling_failure
best_a2_240s_seed2,123,52.9,14.694357104775767,45.67561570823771,45.14713526775635,52.374836235254605,on_time
best_a2_240s_seed2,124,50.5,16.08542032430854,42.84346885751763,80.47278617685353,88.48961305804144,scheduling_failure
best_a2_240s_seed2,125,36.9,6.318822771778489,34.32365940446579,17.79228858774597,20.36862918328017,on_time
best_a2_240s_seed2,126,30.2,10.59675356716071,25.769062189948585,74.56802853568999,79.10413359984824,scheduling_failure
best_a2_240s_seed2,127,28.9,13.70409216217903,25.66237398357651,66.96234185555059,70.83096254134122,scheduling_failure
best_a2_240s_seed2,128,32.9,9.57506939563291,30.30194754802566,21.077653900326563,24.616968873178305,on_time
best_a2_240s_seed2,129,20.9,5.316374258542644,19.41044790890054,3.8268221674431864,6.699013956999168,on_time
best_a2_240s_seed2,130,39.1,12.102730983616059,36.86669430641758,14.953150146712503,17.54446378274208,on_time
best_a2_240s_seed2,131,34.7,9.796906626361018,30.486324439590177,61.123872920213735,65.43822327997191,scheduling_failure
best_a2_240s_seed2,132,36.4,7.2863949706724105,33.04389261343987,3.9302875841122824,7.392690568847961,on_time
best_a2_240s_seed2,133,30.8,15.75521115652836,24.65112677189482,72.43727273150975,82.41930882365375,scheduling_failure
best_a2_240s_seed2,134,24.8,4.256801985915299,24.341069412709704,3.7978713986250017,4.256801985915299,on_time
best_a2_240s_seed2,135,35.7,11.441973463453786,32.71142091651039,29.104959560448194,32.36218933997627,on_time
best_a2_240s_seed2,136,55.0,17.059830028439446,46.91632494040391,64.00487867576977,72.08855373536586,scheduling_failure
best_a2_240s_seed2,137,53.9,14.04226364635106,47.95090524574858,46.81919966723389,52.76829442148531,on_time
best_a2_240s_seed2,138,28.0,10.430312023036322,25.34825936504685,9.374139835009403,12.907599515397795,on_time
best_a2_240s_seed2,139,23.2,7.7347131075627615,21.188674044624932,6.509756150814311,8.83564002916561,on_time
best_a2_240s_seed2,140,34.3,7.816696237933196,33.2321765531792,10.899179256402284,11.96700270322308,on_time
best_a2_240s_seed2,141,21.0,7.121502530787958,19.346981810202177,12.851715113773942,14.794765087310914,on_time
best_a2_240s_seed2,142,43.5,11.024750429785874,42.00185299638372,24.608881735757418,26.39229291839897,on_time
best_a2_240s_seed2,143,34.2,11.735575772128307,31.53692371332664,22.984166877216825,26.097187905223162,on_time
best_a2_240s_seed2,144,50.7,16.760201778298345,45.204086815788024,42.10032075974013,47.9259063020524,on_time
best_a2_240s_seed2,145,46.1,16.83775921636076,38.04337938075342,81.4155952184356,91.45583456784975,scheduling_failure
best_a2_240s_seed2,146,25.5,8.560955539990937,24.904440298521894,9.47676940773245,10.072329109210555,on_time
best_a2_240s_seed2,147,35.1,12.329197692319534,30.589148885434394,13.871260231266529,22.05740429225297,on_time
best_a2_240s_seed2,148,32.9,9.547648231251406,32.31331649855804,25.101138709517297,26.776251630851355,on_time
best_a2_240s_seed2,149,27.5,8.55243488376118,24.79011867600748,20.78878861763995,23.498669941632468,on_time
best_a2_240s_seed2,150,44.7,14.013278480796851,39.77518252515956,60.06018455250203,64.9852741353528,scheduling_failure
best_a2_240s_seed2,151,31.0,14.820247409347248,24.841346547687635,52.164589389170295,60.650383960791544,scheduling_failure
best_a2_240s_seed2,152,48.0,12.345655571295925,45.0528733390715,29.086716956866127,36.26607875505083,on_time
best_a2_240s_seed2,153,20.7,7.660330634136773,17.249592974448476,4.2099236085852505,7.8799328094664025,on_time
best_a2_240s_seed2,154,49.6,13.020592307871947,45.54406394479023,43.672511199738665,48.56310616577182,on_time
best_a2_240s_seed2,155,47.4,11.449725545654674,43.89746123821909,69.07199577621363,72.62193399774553,scheduling_failure
best_a2_240s_seed2,156,40.8,9.549231524169981,34.92962028275075,30.27758051146226,36.56951492378872,on_time
best_a2_240s_seed2,157,29.6,12.18691092715172,25.82968056499515,13.167028737864477,17.782146767063978,on_time
best_a2_240s_seed2,158,54.4,13.992525131403667,50.34406394479022,46.66948464362549,53.03062882284117,on_time
best_a2_240s_seed2,159,21.4,8.867367027034852,18.64827775590595,6.115672957537962,8.867395201632009,on_time
best_a2_240s_seed2,160,54.2,14.48701279341979,51.204282892585766,33.61694658874279,38.48555464433052,on_time
best_a2_240s_seed2,161,35.4,10.67800164141602,31.72176907793306,27.238428211525253,32.54206259246513,on_time
best_a2_240s_seed2,162,30.3,14.849993238872205,26.26821272362054,55.275432946374394,59.50097435107262,scheduling_failure
best_a2_240s_seed2,163,56.4,18.344070300280965,49.6801381554472,22.609563050047836,29.984857978969725,on_time
best_a2_240s_seed2,164,34.0,11.967251813114865,29.719236251367644,68.65704770120051,73.54468638865275,scheduling_failure
best_a2_240s_seed2,165,40.3,12.215588103265409,35.528466612901305,53.857243353490865,58.63852476370544,scheduling_failure
best_a2_240s_seed2,166,40.1,14.494581596123824,34.70364777984696,48.89810201980919,55.216243972003284,scheduling_failure
best_a2_240s_seed2,167,34.6,7.692435925527956,32.35017147429816,5.716135845168383,8.030212767660771,on_time
best_a2_240s_seed2,168,42.9,11.945682023943062,40.26413623687077,39.00325375753364,42.63842115624178,on_time
best_a2_240s_seed2,169,25.5,9.038552398158043,22.84407255044797,24.3242978183957,28.60298813831146,scheduling_failure
best_a2_240s_seed2,170,40.1,10.258553360648383,34.525277507875614,20.038766501090958,26.64851210922894,on_time
best_a2_240s_seed2,171,26.9,8.737022502159897,25.296916551389206,15.578419168702718,17.181502617313512,on_time
best_a2_240s_seed2,172,21.6,7.590899145926253,16.952287168089963,16.168188446588935,21.386574761981183,on_time
best_a2_240s_seed2,173,34.5,10.472905841870437,32.54242528484043,23.946573149871274,29.89554072581219,on_time
best_a2_240s_seed2,174,52.6,12.168234239369692,46.371223689922104,42.69543303040307,48.92420934048097,on_time
best_a2_240s_seed2,175,20.3,7.5103522511215095,17.93471610557325,7.767816582344814,10.92822106659947,on_time
best_a2_240s_seed2,176,32.4,13.701686402415563,25.76835122823149,53.15479502439478,61.29662873598795,scheduling_failure
best_a2_240s_seed2,177,47.7,11.678006651948872,42.992336166904856,41.393183313919835,47.45134772725726,on_time
best_a2_240s_seed2,178,30.3,11.000003222341912,25.974751131116527,69.89307699458085,76.2615991852797,scheduling_failure
best_a2_240s_seed2,179,46.0,13.941776126437677,42.337274845752745,40.21022269619867,45.555661946374144,on_time
best_a2_240s_seed2,180,24.7,10.134963453557718,18.897999493576098,56.774381075806765,64.14833804819432,scheduling_failure
best_a2_240s_seed2,181,32.0,7.363718463393457,27.672625179221683,3.1133669843651446,7.440741805143462,on_time
best_a2_240s_seed2,182,40.5,17.080677473303517,34.40308720096701,80.85812792254968,87.64741469983213,scheduling_failure
best_a2_240s_seed2,183,36.2,7.668680587918329,35.06813821024336,14.818254584298566,15.95011637405521,on_time
best_a2_240s_seed2,184,27.2,11.050610382981143,21.789425077900287,11.344342072942355,18.010316077538107,on_time
best_a2_240s_seed2,185,36.5,11.70946425092306,34.058461323036,19.40644706249745,21.847985739461446,on_time
best_a2_240s_seed2,186,28.1,8.37886879564192,23.17094780352698,3.449816599168894,9.86730296881323,on_time
best_a2_240s_seed2,187,32.1,14.903518957108798,25.1084972208322,71.3070493624479,78.48253183101319,scheduling_failure
best_a2_240s_seed2,188,37.8,8.516007443295928,32.752546174212505,3.8354165590608345,8.882870384848326,on_time
best_a2_240s_seed2,189,28.1,9.952379844413283,24.466394845370086,62.58552258859752,66.26269467815365,scheduling_failure
best_a2_240s_seed2,190,41.4,11.466182063594559,32.420324732974215,78.05172987917739,87.03140514620317,scheduling_failure
best_a2_240s_seed2,191,36.9,12.364700366290018,33.07537220402066,33.035225726268955,36.87178769461351,on_time
best_a2_240s_seed2,192,44.5,10.35960092870297,40.71187691023511,43.140884225334894,46.92900731509978,scheduling_failure
best_a2_240s_seed2,193,28.8,8.144406339138785,26.715459608936467,9.100940503215154,11.965119896394496,on_time
best_a2_240s_seed2,194,35.3,9.014443628942956,34.02681986572166,33.98920957853189,35.262389712810226,on_time
best_a2_240s_seed2,195,29.1,16.134143746301934,23.452537989459884,67.45887303269514,74.99103723364196,scheduling_failure
best_a2_240s_seed2,196,38.3,8.373198904091621,36.480896978599304,35.616727906568045,37.43583092796874,on_time
best_a2_240s_seed2,197,47.6,13.713445476323278,41.90779176699401,58.8993958806831,65.30322891812236,scheduling_failure
best_a2_240s_seed2,198,48.2,11.631290293422675,44.72257722791685,39.034065535317076,43.228616093616424,on_time
best_a2_240s_seed2,199,36.8,13.986211841460378,32.62053816448004,29.841530516140445,34.02099235166041,on_time
best_a2_240s_seed2,200,34.3,8.881289001616345,33.862131988994705,27.830862150495253,28.268730161500542,on_time
