run_id,source_branch,snapshot_commit,source_file_sha256,experiment_family,experiment_stage,scenario,method,variant,label,seed,task_count,on_time_count,on_time_rate,distance_km,valid,compliant,is_new_experiment,experiment_role,source_file
20d32eb2f5688926,codex/uav-alns-dispatch,a39f80593aa4,9955a953cbf49ef167dfc6c1d61a2f1d8367b59abde32fe864318a245acbe2cd,uav_benchmark,constructive_n200,fleet_n200,Greedy-full-position,Greedy-full-position,Greedy-full-position,deterministic,200,89,0.445,852.0538225283191,True,True,False,existing,algorithm/results/benchmark_runs.csv
9fbb017d5507a0f1,codex/uav-alns-dispatch,a39f80593aa4,9955a953cbf49ef167dfc6c1d61a2f1d8367b59abde32fe864318a245acbe2cd,uav_benchmark,constructive_n200,fleet_n200,Nearest-adjacent,Nearest-adjacent,Nearest-adjacent,deterministic,200,71,0.355,943.493381404375,True,True,False,existing,algorithm/results/benchmark_runs.csv
e9004f2f6cd0ec3c,codex/uav-alns-dispatch,a39f80593aa4,9955a953cbf49ef167dfc6c1d61a2f1d8367b59abde32fe864318a245acbe2cd,uav_benchmark,constructive_n200,fleet_n200,Regret-2,Regret-2,Regret-2,deterministic,200,92,0.46,775.7731679286865,True,True,False,existing,algorithm/results/benchmark_runs.csv
f819d375c5fc1753,codex/uav-alns-dispatch,a39f80593aa4,9955a953cbf49ef167dfc6c1d61a2f1d8367b59abde32fe864318a245acbe2cd,uav_benchmark,constructive_n200,fleet_n200,EDD-adjacent,EDD-adjacent,EDD-adjacent,deterministic,200,36,0.18,1293.9876678843061,True,True,False,existing,algorithm/results/benchmark_runs.csv
37642cfc0d9d3df0,feature/adaptive-deadline-rejection-pool,d24a647ffb65,2a4cbc5d32dd212043a798adc2f77b64af0f3746583c0f3e220f7ca651e1e744,adaptive_smoke_wall,development_smoke_10s,equal_wall_clock_10s,experiment3,experiment3,A2 + soft_deadline,2026080500,200,95,0.475,776.4092800544868,True,True,False,existing,results/adaptive_deadline_rejection/smoke_wall_phase5/adaptive_runs.csv
411265c7900516d6,feature/adaptive-deadline-rejection-pool,d24a647ffb65,2a4cbc5d32dd212043a798adc2f77b64af0f3746583c0f3e220f7ca651e1e744,adaptive_smoke_wall,development_smoke_10s,equal_wall_clock_10s,experiment2,experiment2,A2 + rejection_pool,2026080500,200,98,0.49,753.6969663566831,True,True,False,existing,results/adaptive_deadline_rejection/smoke_wall_phase5/adaptive_runs.csv
774a215afe00d0cf,feature/adaptive-deadline-rejection-pool,d24a647ffb65,2a4cbc5d32dd212043a798adc2f77b64af0f3746583c0f3e220f7ca651e1e744,adaptive_smoke_wall,development_smoke_10s,equal_wall_clock_10s,experiment4,experiment4,A2 + late_risk_destroy + rejection_pool + soft_deadline,2026080500,200,98,0.49,779.569131093854,True,True,False,existing,results/adaptive_deadline_rejection/smoke_wall_phase5/adaptive_runs.csv
8f5377759a85e938,feature/adaptive-deadline-rejection-pool,d24a647ffb65,2a4cbc5d32dd212043a798adc2f77b64af0f3746583c0f3e220f7ca651e1e744,adaptive_smoke_wall,development_smoke_10s,equal_wall_clock_10s,experiment1,experiment1,A2 + late_risk_destroy,2026080500,200,96,0.48,760.73599397894,True,True,False,existing,results/adaptive_deadline_rejection/smoke_wall_phase5/adaptive_runs.csv
e3c692283bcaa99a,feature/adaptive-deadline-rejection-pool,d24a647ffb65,2a4cbc5d32dd212043a798adc2f77b64af0f3746583c0f3e220f7ca651e1e744,adaptive_smoke_wall,development_smoke_10s,equal_wall_clock_10s,baseline,baseline,A2,2026080500,200,96,0.48,781.9247490451677,True,True,False,existing,results/adaptive_deadline_rejection/smoke_wall_phase5/adaptive_runs.csv
007897d15deb9d95,feature/adaptive-deadline-rejection-pool,d24a647ffb65,ed0d7662ead72f251e805ccaa3c1150caacf4d6f9260c913ece8b6cb9b99fde1,adaptive_smoke_iterations,development_smoke_5_iterations,equal_iterations,experiment3,experiment3,A2 + soft_deadline,2026080500,200,95,0.475,776.4092800544868,True,True,False,existing,results/adaptive_deadline_rejection/smoke_phase5/adaptive_runs.csv
01099c6fc77aa1f7,feature/adaptive-deadline-rejection-pool,d24a647ffb65,ed0d7662ead72f251e805ccaa3c1150caacf4d6f9260c913ece8b6cb9b99fde1,adaptive_smoke_iterations,development_smoke_5_iterations,equal_iterations,baseline,baseline,A2,2026080500,200,95,0.475,765.3857544430806,True,True,False,existing,results/adaptive_deadline_rejection/smoke_phase5/adaptive_runs.csv
6aaf7017cb9956b6,feature/adaptive-deadline-rejection-pool,d24a647ffb65,ed0d7662ead72f251e805ccaa3c1150caacf4d6f9260c913ece8b6cb9b99fde1,adaptive_smoke_iterations,development_smoke_5_iterations,equal_iterations,experiment2,experiment2,A2 + rejection_pool,2026080500,200,96,0.48,794.1423383460543,True,True,False,existing,results/adaptive_deadline_rejection/smoke_phase5/adaptive_runs.csv
979a63b3c7f83c7b,feature/adaptive-deadline-rejection-pool,d24a647ffb65,ed0d7662ead72f251e805ccaa3c1150caacf4d6f9260c913ece8b6cb9b99fde1,adaptive_smoke_iterations,development_smoke_5_iterations,equal_iterations,experiment4,experiment4,A2 + late_risk_destroy + rejection_pool + soft_deadline,2026080500,200,96,0.48,766.8504020191708,True,True,False,existing,results/adaptive_deadline_rejection/smoke_phase5/adaptive_runs.csv
ec41cdecb8da6325,feature/adaptive-deadline-rejection-pool,d24a647ffb65,ed0d7662ead72f251e805ccaa3c1150caacf4d6f9260c913ece8b6cb9b99fde1,adaptive_smoke_iterations,development_smoke_5_iterations,equal_iterations,experiment1,experiment1,A2 + late_risk_destroy,2026080500,200,95,0.475,765.3857544430806,True,True,False,existing,results/adaptive_deadline_rejection/smoke_phase5/adaptive_runs.csv
005753e4a49d6260,codex/uav-alns-dispatch,a39f80593aa4,9955a953cbf49ef167dfc6c1d61a2f1d8367b59abde32fe864318a245acbe2cd,uav_benchmark,fixed_iterations_400,fleet_n200,C2-Lex-HALNS,C2-Lex-HALNS,C2-Lex-HALNS,2026080500,200,121,0.605,725.9671243091234,True,True,False,existing,algorithm/results/benchmark_runs.csv
0f94304c248ac211,codex/alns-core-comparison,eb8e2d2fff15,d2e576702e5bb43436c8c1c4ae7e6dbfbcb085d3dd16296a2e8c396dfbac518f,core_comparison,fixed_iterations_400,equal_iterations_400,C2-Lex-ALNS-Core,C2-Lex-ALNS-Core,C2-Lex-ALNS-Core,2026080503,200,120,0.6,690.9743540144424,True,True,False,existing,algorithm/results/alns_core_comparison/comparison_runs.csv
242caac572282657,codex/uav-alns-dispatch,a39f80593aa4,9955a953cbf49ef167dfc6c1d61a2f1d8367b59abde32fe864318a245acbe2cd,uav_benchmark,fixed_iterations_400,fleet_n200,C2-Lex-ALNS,C2-Lex-ALNS,C2-Lex-ALNS,2026080504,200,117,0.585,687.6287265578436,True,True,False,existing,algorithm/results/benchmark_runs.csv
2aac4c1ccde00135,codex/uav-alns-dispatch,a39f80593aa4,9955a953cbf49ef167dfc6c1d61a2f1d8367b59abde32fe864318a245acbe2cd,uav_benchmark,fixed_iterations_400,fleet_n200,C2-Lex-HALNS,C2-Lex-HALNS,C2-Lex-HALNS,2026080501,200,119,0.595,701.1153513096586,True,True,False,existing,algorithm/results/benchmark_runs.csv
2b58209d925b8a07,codex/uav-alns-dispatch,a39f80593aa4,9955a953cbf49ef167dfc6c1d61a2f1d8367b59abde32fe864318a245acbe2cd,uav_benchmark,fixed_iterations_400,fleet_n200,C2-Lex-ALNS,C2-Lex-ALNS,C2-Lex-ALNS,2026080500,200,111,0.555,768.9286361309403,True,True,False,existing,algorithm/results/benchmark_runs.csv
3fe797c25e86fc1e,codex/alns-core-comparison,eb8e2d2fff15,d2e576702e5bb43436c8c1c4ae7e6dbfbcb085d3dd16296a2e8c396dfbac518f,core_comparison,fixed_iterations_400,equal_iterations_400,C2-Lex-ALNS-Core,C2-Lex-ALNS-Core,C2-Lex-ALNS-Core,2026080504,200,117,0.585,687.6287265578436,True,True,False,existing,algorithm/results/alns_core_comparison/comparison_runs.csv
4730086004ca541f,codex/uav-alns-dispatch,a39f80593aa4,9955a953cbf49ef167dfc6c1d61a2f1d8367b59abde32fe864318a245acbe2cd,uav_benchmark,fixed_iterations_400,fleet_n200,C2-Lex-HALNS,C2-Lex-HALNS,C2-Lex-HALNS,2026080503,200,116,0.58,736.7997681994767,True,True,False,existing,algorithm/results/benchmark_runs.csv
4ee12cc72e0a1060,codex/alns-core-comparison,eb8e2d2fff15,d2e576702e5bb43436c8c1c4ae7e6dbfbcb085d3dd16296a2e8c396dfbac518f,core_comparison,fixed_iterations_400,equal_iterations_400,C2-Lex-ALNS-Core,C2-Lex-ALNS-Core,C2-Lex-ALNS-Core,2026080502,200,118,0.59,707.1358368906843,True,True,False,existing,algorithm/results/alns_core_comparison/comparison_runs.csv
8e32d921fcabdadd,codex/alns-core-comparison,eb8e2d2fff15,d2e576702e5bb43436c8c1c4ae7e6dbfbcb085d3dd16296a2e8c396dfbac518f,core_comparison,fixed_iterations_400,equal_iterations_400,C2-Lex-ALNS-Core,C2-Lex-ALNS-Core,C2-Lex-ALNS-Core,2026080500,200,111,0.555,768.9286361309403,True,True,False,existing,algorithm/results/alns_core_comparison/comparison_runs.csv
99906ff76d956265,codex/alns-core-comparison,eb8e2d2fff15,d2e576702e5bb43436c8c1c4ae7e6dbfbcb085d3dd16296a2e8c396dfbac518f,core_comparison,fixed_iterations_400,equal_iterations_400,C2-Lex-ALNS-Core,C2-Lex-ALNS-Core,C2-Lex-ALNS-Core,2026080501,200,117,0.585,727.0157897693191,True,True,False,existing,algorithm/results/alns_core_comparison/comparison_runs.csv
9f623af36fa3fd6c,codex/uav-alns-dispatch,a39f80593aa4,9955a953cbf49ef167dfc6c1d61a2f1d8367b59abde32fe864318a245acbe2cd,uav_benchmark,fixed_iterations_400,fleet_n200,C2-Lex-HALNS,C2-Lex-HALNS,C2-Lex-HALNS,2026080504,200,124,0.62,694.6948209650858,True,True,False,existing,algorithm/results/benchmark_runs.csv
be0caed9ef04b0ec,codex/uav-alns-dispatch,a39f80593aa4,9955a953cbf49ef167dfc6c1d61a2f1d8367b59abde32fe864318a245acbe2cd,uav_benchmark,fixed_iterations_400,fleet_n200,C2-Lex-ALNS,C2-Lex-ALNS,C2-Lex-ALNS,2026080503,200,120,0.6,690.9743540144424,True,True,False,existing,algorithm/results/benchmark_runs.csv
caba9657dc6836ea,codex/uav-alns-dispatch,a39f80593aa4,9955a953cbf49ef167dfc6c1d61a2f1d8367b59abde32fe864318a245acbe2cd,uav_benchmark,fixed_iterations_400,fleet_n200,C2-Lex-HALNS,C2-Lex-HALNS,C2-Lex-HALNS,2026080502,200,117,0.585,713.1134601767968,True,True,False,existing,algorithm/results/benchmark_runs.csv
df904a08b634f4a5,codex/uav-alns-dispatch,a39f80593aa4,9955a953cbf49ef167dfc6c1d61a2f1d8367b59abde32fe864318a245acbe2cd,uav_benchmark,fixed_iterations_400,fleet_n200,C2-Lex-ALNS,C2-Lex-ALNS,C2-Lex-ALNS,2026080501,200,117,0.585,727.0157897693191,True,True,False,existing,algorithm/results/benchmark_runs.csv
ff8362915301f5ac,codex/uav-alns-dispatch,a39f80593aa4,9955a953cbf49ef167dfc6c1d61a2f1d8367b59abde32fe864318a245acbe2cd,uav_benchmark,fixed_iterations_400,fleet_n200,C2-Lex-ALNS,C2-Lex-ALNS,C2-Lex-ALNS,2026080502,200,118,0.59,707.1358368906843,True,True,False,existing,algorithm/results/benchmark_runs.csv
01f475824c1ee10c,feature/adaptive-deadline-rejection-pool,d24a647ffb65,4736905c117dcf31fd1bb7d4710c98f12a8e87dd202bb26f555a75a59820ea20,adaptive_comparison,formal_240s,equal_wall_clock_240s,baseline,baseline,A2,2026080502,200,130,0.65,652.0382595087592,True,True,False,existing,results/adaptive_deadline_rejection/adaptive_runs.csv
047a8775d4e81d16,codex/stronger-uav-neighborhoods,7c380366f013,75b2d393cbca0de0ae06efbe6cb8aa2726c2101889246f540cf1d510b86f090d,neighborhood_ablation,formal_240s,equal_wall_clock_240s,A5 +ejection,A5,A5 +ejection,2026080500,200,130,0.65,648.6276957220533,True,True,False,existing,algorithm/results/neighborhood_ablation/ablation_runs.csv
0cf9598f35cc99d4,codex/stronger-uav-neighborhoods,7c380366f013,75b2d393cbca0de0ae06efbe6cb8aa2726c2101889246f540cf1d510b86f090d,neighborhood_ablation,formal_240s,equal_wall_clock_240s,A5 +ejection,A5,A5 +ejection,2026080502,200,129,0.645,666.0666703617052,True,True,False,existing,algorithm/results/neighborhood_ablation/ablation_runs.csv
1b3655e46c45a8ea,codex/stronger-uav-neighborhoods,7c380366f013,75b2d393cbca0de0ae06efbe6cb8aa2726c2101889246f540cf1d510b86f090d,neighborhood_ablation,formal_240s,equal_wall_clock_240s,A2 +risk,A2,A2 +risk,2026080500,200,129,0.645,650.2510444477645,True,True,False,existing,algorithm/results/neighborhood_ablation/ablation_runs.csv
2079d34eb4a17301,feature/adaptive-deadline-rejection-pool,d24a647ffb65,4736905c117dcf31fd1bb7d4710c98f12a8e87dd202bb26f555a75a59820ea20,adaptive_comparison,formal_240s,equal_wall_clock_240s,baseline,baseline,A2,2026080501,200,131,0.655,633.5901042671111,True,True,False,existing,results/adaptive_deadline_rejection/adaptive_runs.csv
2359366587acac55,feature/adaptive-deadline-rejection-pool,d24a647ffb65,4736905c117dcf31fd1bb7d4710c98f12a8e87dd202bb26f555a75a59820ea20,adaptive_comparison,formal_240s,equal_wall_clock_240s,experiment4,experiment4,A2 + late_risk_destroy + rejection_pool + soft_deadline,2026080502,200,123,0.615,689.406484861429,True,True,False,existing,results/adaptive_deadline_rejection/adaptive_runs.csv
23c82bc044212950,feature/capacity-aware-halns,42033730ef1a,38ce6cfbc6a62f0ab858f6a1b1b87735dedee31118622523bdd4d6f5a5aad97b,capacity_comparison,formal_240s,equal_wall_clock_240s,a2,a2,Current best A2 configuration,2026080501,200,131,0.655,629.8120997108717,True,True,False,existing,algorithm/results/capacity_halns/capacity_halns_runs.csv
2ad6301d853a4ec0,codex/stronger-uav-neighborhoods,7c380366f013,75b2d393cbca0de0ae06efbe6cb8aa2726c2101889246f540cf1d510b86f090d,neighborhood_ablation,formal_240s,equal_wall_clock_240s,A2 +risk,A2,A2 +risk,2026080501,200,131,0.655,634.746382593901,True,True,False,existing,algorithm/results/neighborhood_ablation/ablation_runs.csv
357f8b961da5402c,feature/adaptive-deadline-rejection-pool,d24a647ffb65,4736905c117dcf31fd1bb7d4710c98f12a8e87dd202bb26f555a75a59820ea20,adaptive_comparison,formal_240s,equal_wall_clock_240s,experiment4,experiment4,A2 + late_risk_destroy + rejection_pool + soft_deadline,2026080500,200,123,0.615,681.2331929104638,True,True,False,existing,results/adaptive_deadline_rejection/adaptive_runs.csv
3e938629059b17a4,codex/stronger-uav-neighborhoods,7c380366f013,75b2d393cbca0de0ae06efbe6cb8aa2726c2101889246f540cf1d510b86f090d,neighborhood_ablation,formal_240s,equal_wall_clock_240s,A1 +assignment,A1,A1 +assignment,2026080500,200,131,0.655,643.0907826474439,True,True,False,existing,algorithm/results/neighborhood_ablation/ablation_runs.csv
40b95766439fcddf,codex/stronger-uav-neighborhoods,7c380366f013,75b2d393cbca0de0ae06efbe6cb8aa2726c2101889246f540cf1d510b86f090d,neighborhood_ablation,formal_240s,equal_wall_clock_240s,A1 +assignment,A1,A1 +assignment,2026080501,200,128,0.64,663.4220349932358,True,True,False,existing,algorithm/results/neighborhood_ablation/ablation_runs.csv
418c47d9db014d73,feature/adaptive-deadline-rejection-pool,d24a647ffb65,4736905c117dcf31fd1bb7d4710c98f12a8e87dd202bb26f555a75a59820ea20,adaptive_comparison,formal_240s,equal_wall_clock_240s,experiment3,experiment3,A2 + soft_deadline,2026080502,200,125,0.625,654.2152030948384,True,True,False,existing,results/adaptive_deadline_rejection/adaptive_runs.csv
4d4d3270151c690c,codex/stronger-uav-neighborhoods,7c380366f013,75b2d393cbca0de0ae06efbe6cb8aa2726c2101889246f540cf1d510b86f090d,neighborhood_ablation,formal_240s,equal_wall_clock_240s,A6 +route_pool,A6,A6 +route_pool,2026080502,200,125,0.625,691.1922803741863,True,True,False,existing,algorithm/results/neighborhood_ablation/ablation_runs.csv
5c38b92a8367c0e7,codex/stronger-uav-neighborhoods,7c380366f013,75b2d393cbca0de0ae06efbe6cb8aa2726c2101889246f540cf1d510b86f090d,neighborhood_ablation,formal_240s,equal_wall_clock_240s,A0 baseline_core,A0,A0 baseline_core,2026080501,200,128,0.64,657.2447398622596,True,True,False,existing,algorithm/results/neighborhood_ablation/ablation_runs.csv
629a26089d1ae4a8,codex/alns-core-comparison,eb8e2d2fff15,d2e576702e5bb43436c8c1c4ae7e6dbfbcb085d3dd16296a2e8c396dfbac518f,core_comparison,formal_240s,equal_wall_clock_240s,C2-Lex-ALNS-Core,C2-Lex-ALNS-Core,C2-Lex-ALNS-Core,2026080502,200,133,0.665,631.4169426773058,True,True,False,existing,algorithm/results/alns_core_comparison/comparison_runs.csv
63b805f709d80e00,feature/capacity-aware-halns,42033730ef1a,38ce6cfbc6a62f0ab858f6a1b1b87735dedee31118622523bdd4d6f5a5aad97b,capacity_comparison,formal_240s,equal_wall_clock_240s,a2,a2,Current best A2 configuration,2026080502,200,132,0.66,640.383094172405,True,True,False,existing,algorithm/results/capacity_halns/capacity_halns_runs.csv
67ec2ba9bd65430a,feature/adaptive-deadline-rejection-pool,d24a647ffb65,4736905c117dcf31fd1bb7d4710c98f12a8e87dd202bb26f555a75a59820ea20,adaptive_comparison,formal_240s,equal_wall_clock_240s,experiment3,experiment3,A2 + soft_deadline,2026080501,200,126,0.63,657.844966919913,True,True,False,existing,results/adaptive_deadline_rejection/adaptive_runs.csv
6a634bc7fdeaaeb9,codex/stronger-uav-neighborhoods,7c380366f013,75b2d393cbca0de0ae06efbe6cb8aa2726c2101889246f540cf1d510b86f090d,neighborhood_ablation,formal_240s,equal_wall_clock_240s,A0 baseline_core,A0,A0 baseline_core,2026080500,200,128,0.64,654.5681480713895,True,True,False,existing,algorithm/results/neighborhood_ablation/ablation_runs.csv
6ea195e54b71f5ce,codex/stronger-uav-neighborhoods,7c380366f013,75b2d393cbca0de0ae06efbe6cb8aa2726c2101889246f540cf1d510b86f090d,neighborhood_ablation,formal_240s,equal_wall_clock_240s,A3 +VND,A3,A3 +VND,2026080500,200,127,0.635,656.1793169979478,True,True,False,existing,algorithm/results/neighborhood_ablation/ablation_runs.csv
6fb519ed26cfbbfa,feature/capacity-aware-halns,42033730ef1a,38ce6cfbc6a62f0ab858f6a1b1b87735dedee31118622523bdd4d6f5a5aad97b,capacity_comparison,formal_240s,equal_wall_clock_240s,capacity_halns,capacity_halns,Capacity-aware HALNS,2026080501,200,128,0.64,639.9101453037558,True,True,False,existing,algorithm/results/capacity_halns/capacity_halns_runs.csv
705b56ad479e629c,codex/stronger-uav-neighborhoods,7c380366f013,75b2d393cbca0de0ae06efbe6cb8aa2726c2101889246f540cf1d510b86f090d,neighborhood_ablation,formal_240s,equal_wall_clock_240s,A2 +risk,A2,A2 +risk,2026080502,200,130,0.65,646.8479415408107,True,True,False,existing,algorithm/results/neighborhood_ablation/ablation_runs.csv
76f1f42b94104af0,codex/stronger-uav-neighborhoods,7c380366f013,75b2d393cbca0de0ae06efbe6cb8aa2726c2101889246f540cf1d510b86f090d,neighborhood_ablation,formal_240s,equal_wall_clock_240s,A4 +cluster,A4,A4 +cluster,2026080500,200,124,0.62,644.0857518340965,True,True,False,existing,algorithm/results/neighborhood_ablation/ablation_runs.csv
7aa17df8bc7b039b,codex/alns-core-comparison,eb8e2d2fff15,d2e576702e5bb43436c8c1c4ae7e6dbfbcb085d3dd16296a2e8c396dfbac518f,core_comparison,formal_240s,equal_wall_clock_240s,C2-Lex-HALNS,C2-Lex-HALNS,C2-Lex-HALNS,2026080500,200,131,0.655,667.1195407552736,True,True,False,existing,algorithm/results/alns_core_comparison/comparison_runs.csv
7cfb756353a51eba,feature/adaptive-deadline-rejection-pool,d24a647ffb65,4736905c117dcf31fd1bb7d4710c98f12a8e87dd202bb26f555a75a59820ea20,adaptive_comparison,formal_240s,equal_wall_clock_240s,experiment2,experiment2,A2 + rejection_pool,2026080501,200,127,0.635,679.2458214380507,True,True,False,existing,results/adaptive_deadline_rejection/adaptive_runs.csv
95a9630630e1e544,codex/stronger-uav-neighborhoods,7c380366f013,75b2d393cbca0de0ae06efbe6cb8aa2726c2101889246f540cf1d510b86f090d,neighborhood_ablation,formal_240s,equal_wall_clock_240s,A4 +cluster,A4,A4 +cluster,2026080502,200,125,0.625,652.2390659016819,True,True,False,existing,algorithm/results/neighborhood_ablation/ablation_runs.csv
96969f78bcd83f3d,codex/stronger-uav-neighborhoods,7c380366f013,75b2d393cbca0de0ae06efbe6cb8aa2726c2101889246f540cf1d510b86f090d,neighborhood_ablation,formal_240s,equal_wall_clock_240s,A3 +VND,A3,A3 +VND,2026080501,200,129,0.645,630.9034388976368,True,True,False,existing,algorithm/results/neighborhood_ablation/ablation_runs.csv
a412e2058b3ad853,feature/adaptive-deadline-rejection-pool,d24a647ffb65,4736905c117dcf31fd1bb7d4710c98f12a8e87dd202bb26f555a75a59820ea20,adaptive_comparison,formal_240s,equal_wall_clock_240s,experiment2,experiment2,A2 + rejection_pool,2026080500,200,125,0.625,663.6542197164863,True,True,False,existing,results/adaptive_deadline_rejection/adaptive_runs.csv
aa040c71e18f3355,codex/stronger-uav-neighborhoods,7c380366f013,75b2d393cbca0de0ae06efbe6cb8aa2726c2101889246f540cf1d510b86f090d,neighborhood_ablation,formal_240s,equal_wall_clock_240s,A0 baseline_core,A0,A0 baseline_core,2026080502,200,133,0.665,631.0182722496367,True,True,False,existing,algorithm/results/neighborhood_ablation/ablation_runs.csv
b48c718696e39b2b,feature/adaptive-deadline-rejection-pool,d24a647ffb65,4736905c117dcf31fd1bb7d4710c98f12a8e87dd202bb26f555a75a59820ea20,adaptive_comparison,formal_240s,equal_wall_clock_240s,experiment2,experiment2,A2 + rejection_pool,2026080502,200,126,0.63,664.5688308446945,True,True,False,existing,results/adaptive_deadline_rejection/adaptive_runs.csv
b5a858ab8e132872,codex/alns-core-comparison,eb8e2d2fff15,d2e576702e5bb43436c8c1c4ae7e6dbfbcb085d3dd16296a2e8c396dfbac518f,core_comparison,formal_240s,equal_wall_clock_240s,C2-Lex-HALNS,C2-Lex-HALNS,C2-Lex-HALNS,2026080502,200,130,0.65,666.905082998721,True,True,False,existing,algorithm/results/alns_core_comparison/comparison_runs.csv
b5ebfd69f60af29f,codex/stronger-uav-neighborhoods,7c380366f013,75b2d393cbca0de0ae06efbe6cb8aa2726c2101889246f540cf1d510b86f090d,neighborhood_ablation,formal_240s,equal_wall_clock_240s,A3 +VND,A3,A3 +VND,2026080502,200,129,0.645,656.964601654656,True,True,False,existing,algorithm/results/neighborhood_ablation/ablation_runs.csv
b7af7cc6154501c5,codex/stronger-uav-neighborhoods,7c380366f013,75b2d393cbca0de0ae06efbe6cb8aa2726c2101889246f540cf1d510b86f090d,neighborhood_ablation,formal_240s,equal_wall_clock_240s,A5 +ejection,A5,A5 +ejection,2026080501,200,128,0.64,684.1768119120322,True,True,False,existing,algorithm/results/neighborhood_ablation/ablation_runs.csv
bcbb3db37daf5c1b,feature/capacity-aware-halns,42033730ef1a,38ce6cfbc6a62f0ab858f6a1b1b87735dedee31118622523bdd4d6f5a5aad97b,capacity_comparison,formal_240s,equal_wall_clock_240s,capacity_halns,capacity_halns,Capacity-aware HALNS,2026080500,200,131,0.655,640.2259817523477,True,True,False,existing,algorithm/results/capacity_halns/capacity_halns_runs.csv
c47ecd25402714e5,feature/capacity-aware-halns,42033730ef1a,38ce6cfbc6a62f0ab858f6a1b1b87735dedee31118622523bdd4d6f5a5aad97b,capacity_comparison,formal_240s,equal_wall_clock_240s,capacity_halns,capacity_halns,Capacity-aware HALNS,2026080502,200,128,0.64,660.4849808485103,True,True,False,existing,algorithm/results/capacity_halns/capacity_halns_runs.csv
c97ef1146460b6f9,codex/stronger-uav-neighborhoods,7c380366f013,75b2d393cbca0de0ae06efbe6cb8aa2726c2101889246f540cf1d510b86f090d,neighborhood_ablation,formal_240s,equal_wall_clock_240s,A1 +assignment,A1,A1 +assignment,2026080502,200,131,0.655,641.2088156491837,True,True,False,existing,algorithm/results/neighborhood_ablation/ablation_runs.csv
cb897b773ce61ff9,feature/adaptive-deadline-rejection-pool,d24a647ffb65,4736905c117dcf31fd1bb7d4710c98f12a8e87dd202bb26f555a75a59820ea20,adaptive_comparison,formal_240s,equal_wall_clock_240s,experiment3,experiment3,A2 + soft_deadline,2026080500,200,126,0.63,648.9837188234713,True,True,False,existing,results/adaptive_deadline_rejection/adaptive_runs.csv
cd79bf85422cb8ad,feature/adaptive-deadline-rejection-pool,d24a647ffb65,4736905c117dcf31fd1bb7d4710c98f12a8e87dd202bb26f555a75a59820ea20,adaptive_comparison,formal_240s,equal_wall_clock_240s,experiment1,experiment1,A2 + late_risk_destroy,2026080500,200,130,0.65,644.7630642410791,True,True,False,existing,results/adaptive_deadline_rejection/adaptive_runs.csv
cdc8ddaf3bf80950,feature/adaptive-deadline-rejection-pool,d24a647ffb65,4736905c117dcf31fd1bb7d4710c98f12a8e87dd202bb26f555a75a59820ea20,adaptive_comparison,formal_240s,equal_wall_clock_240s,experiment1,experiment1,A2 + late_risk_destroy,2026080501,200,134,0.67,650.1774709144454,True,True,False,existing,results/adaptive_deadline_rejection/adaptive_runs.csv
d4655fa75690d3ac,feature/adaptive-deadline-rejection-pool,d24a647ffb65,4736905c117dcf31fd1bb7d4710c98f12a8e87dd202bb26f555a75a59820ea20,adaptive_comparison,formal_240s,equal_wall_clock_240s,experiment1,experiment1,A2 + late_risk_destroy,2026080502,200,130,0.65,642.621062098395,True,True,False,existing,results/adaptive_deadline_rejection/adaptive_runs.csv
d4c729d24c82deba,codex/stronger-uav-neighborhoods,7c380366f013,75b2d393cbca0de0ae06efbe6cb8aa2726c2101889246f540cf1d510b86f090d,neighborhood_ablation,formal_240s,equal_wall_clock_240s,A6 +route_pool,A6,A6 +route_pool,2026080501,200,125,0.625,671.1983026049104,True,True,False,existing,algorithm/results/neighborhood_ablation/ablation_runs.csv
d55c2141370bc93f,feature/capacity-aware-halns,42033730ef1a,38ce6cfbc6a62f0ab858f6a1b1b87735dedee31118622523bdd4d6f5a5aad97b,capacity_comparison,formal_240s,equal_wall_clock_240s,a2,a2,Current best A2 configuration,2026080500,200,129,0.645,650.2510444477645,True,True,False,existing,algorithm/results/capacity_halns/capacity_halns_runs.csv
d6b8c64184283a71,feature/adaptive-deadline-rejection-pool,d24a647ffb65,4736905c117dcf31fd1bb7d4710c98f12a8e87dd202bb26f555a75a59820ea20,adaptive_comparison,formal_240s,equal_wall_clock_240s,baseline,baseline,A2,2026080500,200,130,0.65,651.6127369580224,True,True,False,existing,results/adaptive_deadline_rejection/adaptive_runs.csv
d7366540c99ce48d,codex/stronger-uav-neighborhoods,7c380366f013,75b2d393cbca0de0ae06efbe6cb8aa2726c2101889246f540cf1d510b86f090d,neighborhood_ablation,formal_240s,equal_wall_clock_240s,A6 +route_pool,A6,A6 +route_pool,2026080500,200,125,0.625,688.5522444354616,True,True,False,existing,algorithm/results/neighborhood_ablation/ablation_runs.csv
e2e0fb1a2d154985,codex/alns-core-comparison,eb8e2d2fff15,d2e576702e5bb43436c8c1c4ae7e6dbfbcb085d3dd16296a2e8c396dfbac518f,core_comparison,formal_240s,equal_wall_clock_240s,C2-Lex-HALNS,C2-Lex-HALNS,C2-Lex-HALNS,2026080501,200,127,0.635,656.3098199079888,True,True,False,existing,algorithm/results/alns_core_comparison/comparison_runs.csv
e3ebfa3cd1981125,codex/alns-core-comparison,eb8e2d2fff15,d2e576702e5bb43436c8c1c4ae7e6dbfbcb085d3dd16296a2e8c396dfbac518f,core_comparison,formal_240s,equal_wall_clock_240s,C2-Lex-ALNS-Core,C2-Lex-ALNS-Core,C2-Lex-ALNS-Core,2026080500,200,128,0.64,654.5681480713895,True,True,False,existing,algorithm/results/alns_core_comparison/comparison_runs.csv
e61a272884f48dc3,codex/stronger-uav-neighborhoods,7c380366f013,75b2d393cbca0de0ae06efbe6cb8aa2726c2101889246f540cf1d510b86f090d,neighborhood_ablation,formal_240s,equal_wall_clock_240s,A4 +cluster,A4,A4 +cluster,2026080501,200,129,0.645,653.3141707461824,True,True,False,existing,algorithm/results/neighborhood_ablation/ablation_runs.csv
f5aaf505ec5a4c3a,feature/adaptive-deadline-rejection-pool,d24a647ffb65,4736905c117dcf31fd1bb7d4710c98f12a8e87dd202bb26f555a75a59820ea20,adaptive_comparison,formal_240s,equal_wall_clock_240s,experiment4,experiment4,A2 + late_risk_destroy + rejection_pool + soft_deadline,2026080501,200,125,0.625,666.9661871762019,True,True,False,existing,results/adaptive_deadline_rejection/adaptive_runs.csv
faf6a0efda48b2b1,codex/alns-core-comparison,eb8e2d2fff15,d2e576702e5bb43436c8c1c4ae7e6dbfbcb085d3dd16296a2e8c396dfbac518f,core_comparison,formal_240s,equal_wall_clock_240s,C2-Lex-ALNS-Core,C2-Lex-ALNS-Core,C2-Lex-ALNS-Core,2026080501,200,128,0.64,653.696469227112,True,True,False,existing,algorithm/results/alns_core_comparison/comparison_runs.csv
021cd4635d6fc628,feature/adaptive-deadline-rejection-pool,d24a647ffb65,b65478b6255c7bbd8c4f7e62019e035ecf45be341dec21be44a6400c7d00350f,adaptive_on_time_treatment,new_formal_240s,equal_wall_clock_240s,experiment5,experiment5,A2 + late_risk_destroy + deferred sacrifice pool,2026080502,200,126,0.63,657.3771747944661,True,True,True,treatment,results/on_time_sacrifice/adaptive_runs.csv
0bf62c20ba5653ed,feature/adaptive-deadline-rejection-pool,d24a647ffb65,b65478b6255c7bbd8c4f7e62019e035ecf45be341dec21be44a6400c7d00350f,adaptive_on_time_treatment,new_formal_240s,equal_wall_clock_240s,experiment5,experiment5,A2 + late_risk_destroy + deferred sacrifice pool,2026080500,200,127,0.635,674.0613664614013,True,True,True,treatment,results/on_time_sacrifice/adaptive_runs.csv
31345759cdc74e80,feature/adaptive-deadline-rejection-pool,d24a647ffb65,b65478b6255c7bbd8c4f7e62019e035ecf45be341dec21be44a6400c7d00350f,adaptive_on_time_treatment,new_formal_240s,equal_wall_clock_240s,experiment5,experiment5,A2 + late_risk_destroy + deferred sacrifice pool,2026080501,200,128,0.64,669.5853170118361,True,True,True,treatment,results/on_time_sacrifice/adaptive_runs.csv
3252c5bb871426c6,codex/uav-alns-dispatch,a39f80593aa4,8169cf7513046505ad253ff1c88327704132805ce8a6754320bbee0719596db2,uav_on_time_treatment,new_formal_240s,equal_wall_clock_240s,halns_treatment,halns_treatment,C2-Lex-HALNS [halns_treatment],2026080502,200,131,0.655,656.5882326993509,True,True,True,treatment,algorithm/results/on_time_deferred_comparison/on_time_runs.csv
37b0cec09d31e71c,codex/stronger-uav-neighborhoods,7c380366f013,bad68a8dea72a84dd4fec16a76cebdfa84541aca72dba426c8e1089a31772c91,stronger_on_time_treatment,new_formal_240s,equal_wall_clock_240s,A7 +risk +on-time-distance +deferred,A7,A7 +risk +on-time-distance +deferred,2026080502,200,123,0.615,649.5075169481561,True,True,True,treatment,algorithm/results/on_time_sacrifice/ablation_runs.csv
382bd41f2cd30eee,codex/uav-alns-dispatch,a39f80593aa4,8169cf7513046505ad253ff1c88327704132805ce8a6754320bbee0719596db2,uav_on_time_treatment,new_formal_240s,equal_wall_clock_240s,halns_control,halns_control,C2-Lex-HALNS [halns_control],2026080502,200,130,0.65,654.1176355802041,True,True,True,control,algorithm/results/on_time_deferred_comparison/on_time_runs.csv
3c43581c5f63ba61,codex/stronger-uav-neighborhoods,7c380366f013,bad68a8dea72a84dd4fec16a76cebdfa84541aca72dba426c8e1089a31772c91,stronger_on_time_treatment,new_formal_240s,equal_wall_clock_240s,A7 +risk +on-time-distance +deferred,A7,A7 +risk +on-time-distance +deferred,2026080500,200,126,0.63,634.991110350223,True,True,True,treatment,algorithm/results/on_time_sacrifice/ablation_runs.csv
5192b44cfd97c37d,feature/capacity-aware-halns,42033730ef1a,d810b25cd61660e75d0fa245f022d35315f69eff9ea1d71bf69dafe04f8e8966,capacity_on_time_treatment,new_formal_240s,equal_wall_clock_240s,capacity_halns_punctuality,capacity_halns_punctuality,Capacity-aware HALNS punctuality-first sacrifice treatment,2026080500,200,131,0.655,678.9328715476602,True,True,True,treatment,algorithm/results/capacity_halns_punctuality_paired/capacity_halns_runs.csv
5d10cb4a9fbd632a,codex/uav-alns-dispatch,a39f80593aa4,8169cf7513046505ad253ff1c88327704132805ce8a6754320bbee0719596db2,uav_on_time_treatment,new_formal_240s,equal_wall_clock_240s,halns_control,halns_control,C2-Lex-HALNS [halns_control],2026080501,200,125,0.625,655.0446541531456,True,True,True,control,algorithm/results/on_time_deferred_comparison/on_time_runs.csv
655fa72beb74f5b8,codex/uav-alns-dispatch,a39f80593aa4,8169cf7513046505ad253ff1c88327704132805ce8a6754320bbee0719596db2,uav_on_time_treatment,new_formal_240s,equal_wall_clock_240s,halns_treatment,halns_treatment,C2-Lex-HALNS [halns_treatment],2026080501,200,125,0.625,668.9626546192634,True,True,True,treatment,algorithm/results/on_time_deferred_comparison/on_time_runs.csv
80d2055575cf60e9,feature/capacity-aware-halns,42033730ef1a,d810b25cd61660e75d0fa245f022d35315f69eff9ea1d71bf69dafe04f8e8966,capacity_on_time_treatment,new_formal_240s,equal_wall_clock_240s,capacity_halns_punctuality,capacity_halns_punctuality,Capacity-aware HALNS punctuality-first sacrifice treatment,2026080502,200,125,0.625,673.6668901141402,True,True,True,treatment,algorithm/results/capacity_halns_punctuality_paired/capacity_halns_runs.csv
a5311df9092065e4,codex/uav-alns-dispatch,a39f80593aa4,8169cf7513046505ad253ff1c88327704132805ce8a6754320bbee0719596db2,uav_on_time_treatment,new_formal_240s,equal_wall_clock_240s,halns_treatment,halns_treatment,C2-Lex-HALNS [halns_treatment],2026080500,200,128,0.64,671.4467756240534,True,True,True,treatment,algorithm/results/on_time_deferred_comparison/on_time_runs.csv
a83d56fce864be53,feature/capacity-aware-halns,42033730ef1a,d810b25cd61660e75d0fa245f022d35315f69eff9ea1d71bf69dafe04f8e8966,capacity_on_time_treatment,new_formal_240s,equal_wall_clock_240s,capacity_halns_punctuality,capacity_halns_punctuality,Capacity-aware HALNS punctuality-first sacrifice treatment,2026080501,200,129,0.645,659.0597280018568,True,True,True,treatment,algorithm/results/capacity_halns_punctuality_paired/capacity_halns_runs.csv
ada94b8a80b47ddd,codex/alns-core-comparison,eb8e2d2fff15,da8bd77ad3a9ef4d7aa8de6f5ecb461636c4191619e8f538424a6f9ba0232b3b,core_on_time_treatment,new_formal_240s,equal_wall_clock_240s,C2-Lex-ALNS-Core,core_treatment,C2-Lex-ALNS-Core [core_treatment],2026080501,200,127,0.635,648.5627871967832,True,True,True,treatment,algorithm/results/on_time_sacrifice_core/comparison_runs.csv
b6af08f01e14d74c,codex/alns-core-comparison,eb8e2d2fff15,da8bd77ad3a9ef4d7aa8de6f5ecb461636c4191619e8f538424a6f9ba0232b3b,core_on_time_treatment,new_formal_240s,equal_wall_clock_240s,C2-Lex-ALNS-Core,core_treatment,C2-Lex-ALNS-Core [core_treatment],2026080500,200,126,0.63,674.8010875315333,True,True,True,treatment,algorithm/results/on_time_sacrifice_core/comparison_runs.csv
c8c5c45368f14937,codex/alns-core-comparison,eb8e2d2fff15,da8bd77ad3a9ef4d7aa8de6f5ecb461636c4191619e8f538424a6f9ba0232b3b,core_on_time_treatment,new_formal_240s,equal_wall_clock_240s,C2-Lex-ALNS-Core,core_treatment,C2-Lex-ALNS-Core [core_treatment],2026080502,200,131,0.655,645.0859229285097,True,True,True,treatment,algorithm/results/on_time_sacrifice_core/comparison_runs.csv
c9bed7a32d0d7884,codex/uav-alns-dispatch,a39f80593aa4,8169cf7513046505ad253ff1c88327704132805ce8a6754320bbee0719596db2,uav_on_time_treatment,new_formal_240s,equal_wall_clock_240s,halns_control,halns_control,C2-Lex-HALNS [halns_control],2026080500,200,131,0.655,662.2196127257963,True,True,True,control,algorithm/results/on_time_deferred_comparison/on_time_runs.csv
f81f6011acc5acc0,codex/stronger-uav-neighborhoods,7c380366f013,bad68a8dea72a84dd4fec16a76cebdfa84541aca72dba426c8e1089a31772c91,stronger_on_time_treatment,new_formal_240s,equal_wall_clock_240s,A7 +risk +on-time-distance +deferred,A7,A7 +risk +on-time-distance +deferred,2026080501,200,127,0.635,662.8018843501337,True,True,True,treatment,algorithm/results/on_time_sacrifice/ablation_runs.csv
8e558727ca190dee,codex/uav-alns-dispatch,a39f80593aa4,9955a953cbf49ef167dfc6c1d61a2f1d8367b59abde32fe864318a245acbe2cd,uav_benchmark,over_budget_extended,fleet_n200,C2-Lex-HALNS-extended,C2-Lex-HALNS-extended,C2-Lex-HALNS-extended,2026080500,200,133,0.665,641.6359474952523,True,True,False,existing,algorithm/results/benchmark_runs.csv
00a86176caa7a85f,codex/uav-alns-dispatch,a39f80593aa4,9955a953cbf49ef167dfc6c1d61a2f1d8367b59abde32fe864318a245acbe2cd,uav_benchmark,single_drone_n25,single_n25,Regret-2,Regret-2,Regret-2,deterministic,25,7,0.28,126.28216472302651,True,True,False,existing,algorithm/results/benchmark_runs.csv
2d5a8c2a0c6c30cb,codex/uav-alns-dispatch,a39f80593aa4,9955a953cbf49ef167dfc6c1d61a2f1d8367b59abde32fe864318a245acbe2cd,uav_benchmark,single_drone_n25,single_n25,C2-Lex-ALNS,C2-Lex-ALNS,C2-Lex-ALNS,2026080502,25,11,0.44,101.87297236663935,True,True,False,existing,algorithm/results/benchmark_runs.csv
3f19a496ba69e50e,codex/uav-alns-dispatch,a39f80593aa4,9955a953cbf49ef167dfc6c1d61a2f1d8367b59abde32fe864318a245acbe2cd,uav_benchmark,single_drone_n25,single_n25,C2-Lex-ALNS,C2-Lex-ALNS,C2-Lex-ALNS,2026080503,25,11,0.44,97.73242258720462,True,True,False,existing,algorithm/results/benchmark_runs.csv
6fad49a5783ffcd3,codex/uav-alns-dispatch,a39f80593aa4,9955a953cbf49ef167dfc6c1d61a2f1d8367b59abde32fe864318a245acbe2cd,uav_benchmark,single_drone_n25,single_n25,Greedy-full-position,Greedy-full-position,Greedy-full-position,deterministic,25,10,0.4,117.66601284564837,True,True,False,existing,algorithm/results/benchmark_runs.csv
83138d0589651268,codex/uav-alns-dispatch,a39f80593aa4,9955a953cbf49ef167dfc6c1d61a2f1d8367b59abde32fe864318a245acbe2cd,uav_benchmark,single_drone_n25,single_n25,C2-Lex-HALNS,C2-Lex-HALNS,C2-Lex-HALNS,2026080504,25,11,0.44,103.9875461469365,True,True,False,existing,algorithm/results/benchmark_runs.csv
87a0e18a14e9b7d1,codex/uav-alns-dispatch,a39f80593aa4,9955a953cbf49ef167dfc6c1d61a2f1d8367b59abde32fe864318a245acbe2cd,uav_benchmark,single_drone_n25,single_n25,C2-Lex-ALNS,C2-Lex-ALNS,C2-Lex-ALNS,2026080501,25,12,0.48,99.44722220981777,True,True,False,existing,algorithm/results/benchmark_runs.csv
9156750024022aff,codex/uav-alns-dispatch,a39f80593aa4,9955a953cbf49ef167dfc6c1d61a2f1d8367b59abde32fe864318a245acbe2cd,uav_benchmark,single_drone_n25,single_n25,C2-Lex-ALNS,C2-Lex-ALNS,C2-Lex-ALNS,2026080500,25,11,0.44,97.49124550599691,True,True,False,existing,algorithm/results/benchmark_runs.csv
9b35a2f7a83f2bb1,codex/uav-alns-dispatch,a39f80593aa4,9955a953cbf49ef167dfc6c1d61a2f1d8367b59abde32fe864318a245acbe2cd,uav_benchmark,single_drone_n25,single_n25,EDD-adjacent,EDD-adjacent,EDD-adjacent,deterministic,25,4,0.16,197.3274308131022,True,True,False,existing,algorithm/results/benchmark_runs.csv
c2b7c74462cdf845,codex/uav-alns-dispatch,a39f80593aa4,9955a953cbf49ef167dfc6c1d61a2f1d8367b59abde32fe864318a245acbe2cd,uav_benchmark,single_drone_n25,single_n25,Nearest-adjacent,Nearest-adjacent,Nearest-adjacent,deterministic,25,8,0.32,152.76277387220406,True,True,False,existing,algorithm/results/benchmark_runs.csv
c8a228ad61f252b5,codex/uav-alns-dispatch,a39f80593aa4,9955a953cbf49ef167dfc6c1d61a2f1d8367b59abde32fe864318a245acbe2cd,uav_benchmark,single_drone_n25,single_n25,C2-Lex-ALNS,C2-Lex-ALNS,C2-Lex-ALNS,2026080504,25,11,0.44,103.9875461469365,True,True,False,existing,algorithm/results/benchmark_runs.csv
df76e73be97e9390,codex/uav-alns-dispatch,a39f80593aa4,9955a953cbf49ef167dfc6c1d61a2f1d8367b59abde32fe864318a245acbe2cd,uav_benchmark,single_drone_n25,single_n25,C2-Lex-HALNS,C2-Lex-HALNS,C2-Lex-HALNS,2026080500,25,11,0.44,97.49124550599691,True,True,False,existing,algorithm/results/benchmark_runs.csv
dfc58cac06abcb1b,codex/uav-alns-dispatch,a39f80593aa4,9955a953cbf49ef167dfc6c1d61a2f1d8367b59abde32fe864318a245acbe2cd,uav_benchmark,single_drone_n25,single_n25,C2-Lex-HALNS,C2-Lex-HALNS,C2-Lex-HALNS,2026080502,25,11,0.44,101.87297236663935,True,True,False,existing,algorithm/results/benchmark_runs.csv
e4e891d314b83a0a,codex/uav-alns-dispatch,a39f80593aa4,9955a953cbf49ef167dfc6c1d61a2f1d8367b59abde32fe864318a245acbe2cd,uav_benchmark,single_drone_n25,single_n25,C2-Lex-HALNS,C2-Lex-HALNS,C2-Lex-HALNS,2026080501,25,12,0.48,99.44722220981777,True,True,False,existing,algorithm/results/benchmark_runs.csv
febb8cac9da26fee,codex/uav-alns-dispatch,a39f80593aa4,9955a953cbf49ef167dfc6c1d61a2f1d8367b59abde32fe864318a245acbe2cd,uav_benchmark,single_drone_n25,single_n25,C2-Lex-HALNS,C2-Lex-HALNS,C2-Lex-HALNS,2026080503,25,11,0.44,97.73242258720462,True,True,False,existing,algorithm/results/benchmark_runs.csv
23d50de662d2bc05,codex/uav-alns-dispatch,a39f80593aa4,9955a953cbf49ef167dfc6c1d61a2f1d8367b59abde32fe864318a245acbe2cd,uav_benchmark,small_exact,exact_n8,C2-Lex-HALNS,C2-Lex-HALNS,C2-Lex-HALNS,2026080500,8,7,0.875,46.40393117721494,True,True,False,existing,algorithm/results/benchmark_runs.csv
2d1bc7e0389ae761,codex/uav-alns-dispatch,a39f80593aa4,9955a953cbf49ef167dfc6c1d61a2f1d8367b59abde32fe864318a245acbe2cd,uav_benchmark,small_exact,exact_n12,C2-Lex-HALNS,C2-Lex-HALNS,C2-Lex-HALNS,2026080500,12,9,0.75,64.18490207787289,True,True,False,existing,algorithm/results/benchmark_runs.csv
34cdfb5d1445d0fb,codex/uav-alns-dispatch,a39f80593aa4,9955a953cbf49ef167dfc6c1d61a2f1d8367b59abde32fe864318a245acbe2cd,uav_benchmark,small_exact,exact_n5,Pareto-DP,Pareto-DP,Pareto-DP,deterministic,5,5,1.0,28.9529061994293,True,True,False,existing,algorithm/results/benchmark_runs.csv
3d2ce6373422fc2a,codex/uav-alns-dispatch,a39f80593aa4,9955a953cbf49ef167dfc6c1d61a2f1d8367b59abde32fe864318a245acbe2cd,uav_benchmark,small_exact,exact_n8,Pareto-DP,Pareto-DP,Pareto-DP,deterministic,8,7,0.875,46.40393117721494,True,True,False,existing,algorithm/results/benchmark_runs.csv
55ec5ab2af49129f,codex/uav-alns-dispatch,a39f80593aa4,9955a953cbf49ef167dfc6c1d61a2f1d8367b59abde32fe864318a245acbe2cd,uav_benchmark,small_exact,exact_n8,Regret-2,Regret-2,Regret-2,deterministic,8,5,0.625,59.903063953196025,True,True,False,existing,algorithm/results/benchmark_runs.csv
6a854702024189f2,codex/uav-alns-dispatch,a39f80593aa4,9955a953cbf49ef167dfc6c1d61a2f1d8367b59abde32fe864318a245acbe2cd,uav_benchmark,small_exact,exact_n5,Regret-2,Regret-2,Regret-2,deterministic,5,4,0.8,33.27483885187293,True,True,False,existing,algorithm/results/benchmark_runs.csv
8721c2bb4db32637,codex/uav-alns-dispatch,a39f80593aa4,9955a953cbf49ef167dfc6c1d61a2f1d8367b59abde32fe864318a245acbe2cd,uav_benchmark,small_exact,exact_n10,C2-Lex-HALNS,C2-Lex-HALNS,C2-Lex-HALNS,2026080500,10,8,0.8,54.645870364663075,True,True,False,existing,algorithm/results/benchmark_runs.csv
9cc53b660c1f024f,codex/uav-alns-dispatch,a39f80593aa4,9955a953cbf49ef167dfc6c1d61a2f1d8367b59abde32fe864318a245acbe2cd,uav_benchmark,small_exact,exact_n12,Pareto-DP,Pareto-DP,Pareto-DP,deterministic,12,9,0.75,62.41057960612646,True,True,False,existing,algorithm/results/benchmark_runs.csv
c5e1829f80cd5f23,codex/uav-alns-dispatch,a39f80593aa4,9955a953cbf49ef167dfc6c1d61a2f1d8367b59abde32fe864318a245acbe2cd,uav_benchmark,small_exact,exact_n10,Pareto-DP,Pareto-DP,Pareto-DP,deterministic,10,8,0.8,54.645870364663075,True,True,False,existing,algorithm/results/benchmark_runs.csv
d8592a3d7766ec59,codex/uav-alns-dispatch,a39f80593aa4,9955a953cbf49ef167dfc6c1d61a2f1d8367b59abde32fe864318a245acbe2cd,uav_benchmark,small_exact,exact_n10,Regret-2,Regret-2,Regret-2,deterministic,10,7,0.7,48.40031812367463,True,True,False,existing,algorithm/results/benchmark_runs.csv
e74e4c445ce4b0bb,codex/uav-alns-dispatch,a39f80593aa4,9955a953cbf49ef167dfc6c1d61a2f1d8367b59abde32fe864318a245acbe2cd,uav_benchmark,small_exact,exact_n5,C2-Lex-HALNS,C2-Lex-HALNS,C2-Lex-HALNS,2026080500,5,5,1.0,28.9529061994293,True,True,False,existing,algorithm/results/benchmark_runs.csv
eee4adc894e9e5de,codex/uav-alns-dispatch,a39f80593aa4,9955a953cbf49ef167dfc6c1d61a2f1d8367b59abde32fe864318a245acbe2cd,uav_benchmark,small_exact,exact_n12,Regret-2,Regret-2,Regret-2,deterministic,12,6,0.5,62.852801995107754,True,True,False,existing,algorithm/results/benchmark_runs.csv
